unit_name,total_count,cs_code,followup,confidence
metre,475737,m,,high
week,433473,wk,,high
centimetre,409285,cm,,high
day,274854,d,,high
year,260373,a,1,high
month,243117,mo,,high
degree Celsius,170818,Cel,,high
cubic centimetre,103522,cm3,,high
gram,66408,g,,high
millimetre,50973,mm,,high
milligram,33190,mg,,high
hour,30689,h,,high
dime,29919,d,Misinterpretation of days by q3,high
litre,28920,L,,high
tesla,22973,T,Spurious findings in description geo_loc_name env_broad_scale,high
milligram per litre,22035,mg/L,,high
watt,21619,W,,high
percentage,21343,%,,high
micrometre,20412,um,,high
minute of arc,15910,min,almost certainly time not angle,high
watt kibibyte,14588,wk,,high
degree angle degree Celsius,14301,Cel,,high
watt kibibyte second,12762,wk,,high
siemens,12093,S,mostly spurious in description temp env_broad_scale geo_loc_name,high
unk mole per litre,11932,umol/L,,high
kilogram,10031,kg,,high
degree angle,9503,deg,probably temperature and probably Celsius,high
foot,8555,[ft_i],1,high
inch,7837,[in_i],1,high
kilometre,7819,km,,high
newton,7069,N,spurious including latitude longitude with ordinal directions ,high
horsepower farad,4685,,hours post fertilization in age,low
per metre to the 40 metre,4418,,depth:[0m-40m],low
candela per square metre atomic mass unit,4244,,"Nephelometric Turbidity Units in turbidity, not in UCUM",low
dime pint degree fahrenheit,4169,,days post fertilization in age,low
unk,4117,,numerous units with greek lowercase mu as a prefix,low
square centimetre,3876,cm2,,high
microsecond mole per kilogram,3607,umoll/kg,,high
atomic mass unit metre,3532,um,,high
unk per litre,3213,ug/L,,high
megaampere second litre,3016,,meters above sea level,low
gram per litre,2984,g/L,,high
poise siemens atomic mass unit,2968,,practical salinity unit,low
pint second atomic mass unit,2777,,practical salinity unit,low
parts-per-trillion,2664,[ppm],1,high
cubic millimetre,2419,mm3,,high
milligram per kilogram,2391,mg/kg,,high
centavo,2282,,"could be degrees Celsius, but may be spurious with many other harmonized names",low
atomic mass unit poise,2280,,days after planting in age?,low
mile,2101,[mi_i],1,high
newton gram per atomic mass unit per litre,2077,ng/ul,in description!,high
parts-per-million,1986,[ppm],1,high
second of arc,1910,"""","inches in depth; seconds of time in age, also spurious uses (quotation marks)",high
minute,1848,min,"Minutes tim ein age; samp_size:3.4 ml/5min; temp:42°C for 10 min, then 30°C for 9h50 min; ",high
millivolt,1835,mV,,high
microsecond per centimetre,1774,uS/cm,microsiemens per centimeter in conductivity,high
atomic mass unit mole per litre,1746,umol/L,,high
atomic mass unit litre,1733,,DAL for age; uL in samp_size,low
mole per litre,1708,mol/L,aka molar,high
megapixel farad,1694,,months post fertilization in age,low
kilogram per cubic metre,1669,kg/m3,,high
degree angle centavo,1588,,spurious in description,low
gross,1580,g,,high
swiss franc watt,1562,,feet of seawater in depth,low
megabyte second litre,1497,,meters below sea level in depth (and elev?!),low
dime pint hour,1476,,days post hatching in age,low
megabyte second farad,1454,,meters below sea floor of seawater in depth,low
dime pint farad,1411,,days post fertilization in age (and also spuriously in depth?!),low
atomic mass unit gram,1391,,ug such as ug N/L in nitrate,low
second,1377,s,seconds inn age; largely spurious,high
centimetre bit second farad,1373,,centimeters below sea floor in depth (and elevation?!),low
milligram per cubic centimetre,1371,,spurious in description,low
microgram per litre,1362,ug/L,,high
atomic mass unit gauss,1337,,days after germination in age,low
inch stere year roentgen,1262,,spurious instar in age,low
millimeter of mercury,1240,mm[Hg],,high
gram per kilogram,1097,g/kg,,high
square metre,1095,m2,,high
ounce,1088,[oz_av],1,high
milligram per cubic metre,1067,mg/m3,,high
ampere,994,,spurious ,low
milligram per gram,967,mg/g,,high
atomic mass unit farad,926,,days after fertilization in age,low
atomic mass unit gram per litre,881,ug/L,,high
square foot,860,[ft_i]2,1,high
year ampere-turn,853,,"years at (diagnosis, treatments, etc)",low
horsepower degree fahrenheit,852,,spurious in description,low
millisecond nanometre,849,,"metros sobre el nivel del mar ""meters above sea level""

",low
millisecond per centimetre,796,,,low
unk mole per kilogram,790,,,low
basis point,781,,,low
degree Celsius to the 57 byte litre,772,,,low
newton centavo roentgen,772,,,low
kilometre newton,771,,,low
milligram second,760,,,low
cubic centimetre pound-mass,757,,,low
revolutions per minute,747,,,low
minute of arc minute of arc,732,,,low
second watt attobarn,722,,,low
volt,689,,,low
per kiloampere to the 181,675,,,low
cubic metre,604,,,low
decibel year roentgen,601,,,low
yard,595,,,low
ampere-turn,594,,,low
microgram,584,,,low
count,574,,,low
dime set,573,,,low
second watt attobarn second,535,,,low
league,532,,,low
kibibyte,525,,,low
kilometre siemens,524,,,low
millisecond metre,514,,,low
dime pint pint,499,,,low
dime petaampere,482,,,low
south african rand henry,476,,,low
mole per kilogram,456,,,low
byte,451,,,low
kilometre watt,451,,,low
microsecond mole per cubic decimetre,426,,,low
year second,426,,,low
farad,419,,,low
milligram degree Celsius per kilogram,398,,,low
mile newton,391,,,low
atomic mass unit siemens,389,,,low
hour ampere-turn,383,,,low
dime petayear,374,,,low
gram atomic mass unit tonne second,365,,,low
cubic volt,342,,,low
microsecond mole per litre,339,,,low
bar,337,,,low
gram dime nanoampere,322,,,low
centavo ell,305,,,low
milligram degree Celsius,295,,,low
microsecond mole per square metre per second,290,,,low
minute ampere-turn,287,,,low
watt kelvin,287,,,low
gram per gallon per ampere-turn,287,,,low
joule,283,,,low
newton gram per cubic centimetre,282,,,low
pound-mass,279,,,low
newton gram,277,,,low
petametre,273,,,low
megaampere millisecond litre,269,,,low
metre dime,267,,,low
henry,264,,,low
megabyte,263,,,low
mile siemens,253,,,low
roentgen,252,,,low
kilometre nanowatt,250,,,low
mile watt,245,,,low
atomic mass unit,240,,,low
kilopascal,239,,,low
gauss,232,,,low
gram per cubic centimetre,232,,,low
atomic mass unit mole per kilogram,229,,,low
inch stere year south african rand,226,,,low
second of arc second of arc,223,,,low
henry tesla,221,,,low
set,205,,,low
dime pint,202,,,low
coulomb,196,,,low
femtowatt,195,,,low
bit,195,,,low
milligram per hectare,192,,,low
attometre,192,,,low
turn,187,,,low
newton litre,186,,,low
kilogram per hectare,186,,,low
litre per hour,186,,,low
millisecond,185,,,low
decibar,183,,,low
kilogram per cubic milligram,168,,,low
dollar,167,,,low
microsecond,166,,,low
standard atmosphere,162,,,low
decibel,161,,,low
megabarn,160,,,low
ampere-turn day,160,,,low
milligram newton per litre,159,,,low
mile nanowatt,152,,,low
microgram degree Celsius per litre per day,152,,,low
dollar dollar,151,,,low
candela per square metre,150,,,low
microsecond mole degree Celsius per litre,148,,,low
week day,147,,,low
micrometre degree Celsius,143,,,low
barn,137,,,low
poise siemens per siemens to the 78,134,,,low
astronomical unit,132,,,low
megabyte siemens farad,131,,,low
atomic mass unit femtobarn,130,,,low
cubic centimetre per litre,129,,,low
siemens per centimetre,129,,,low
microsecond mole,129,,,low
atomic mass unit mole,127,,,low
megaampere siemens litre,124,,,low
kilo base pair,120,,,low
newton metre,120,,,low
pint atomic mass unit petayear,119,,,low
day pint degree fahrenheit,117,,,low
tonne hour,116,,,low
roentgen farad atomic mass unit,114,,,low
gigabit,112,,,low
per second of arc to the 6 second of arc,112,,,low
mile per hour,111,,,low
megaton,111,,,low
parts-per-billion,110,,,low
litre cubic centimetre,108,,,low
degree fahrenheit,108,,,low
set watt,106,,,low
nucleotide,105,,,low
pint mole,104,,,low
day ampere-turn,104,,,low
degree Celsius degree angle,100,,,low
metre maxwell to the 6 millimetre,100,,,low
atomic mass unit hour,98,,,low
week ampere-turn,98,,,low
month ampere-turn,97,,,low
year gram per atomic mass unit per litre,96,,,low
litre picometre,96,,,low
inverse second,96,,,low
per year,95,,,low
minute of arc ampere-turn,93,,,low
,93,,,low
per metre to the 1500 metre,90,,,low
cubic millimetre henry to the 20,88,,,low
atomic mass unit mole kilogram,84,,,low
degree angle to the 12 minute newton,84,,,low
giga base pair,84,,,low
metre mole,83,,,low
megaton hour,81,,,low
atomic mass unit ampere,80,,,low
week year,80,,,low
centavo year,79,,,low
litre acre exayear,79,,,low
gigawatt,78,,,low
centimetre barn second,77,,,low
atomic mass unit gram per kilogram,76,,,low
atomic mass unit per cubic centimetre,74,,,low
minute of arc siemens,74,,,low
steradian roentgen nanoampere,73,,,low
base pair,73,,,low
dime pint gram,72,,,low
square roentgen,72,,,low
degree Celsius day,72,,,low
metre per second,72,,,low
gram per cubic decimetre,71,,,low
millisecond litre,71,,,low
per ampere per exametre,71,,,low
nanometre,69,,,low
millimetre litre,68,,,low
south african rand,67,,,low
gram degree Celsius per kilogram,66,,,low
atomic mass unit gram per atomic mass unit per litre,66,,,low
degree angle roentgen degree Celsius,66,,,low
gram per square metre,65,,,low
ampere siemens litre,65,,,low
farad gram per atomic mass unit per litre,64,,,low
ampere gigayear rutherford,64,,,low
percentage centilitre year year,64,,,low
milligram per litre per minute of arc,64,,,low
megapixel bit,64,,,low
metre minute of arc,64,,,low
gram atomic mass unit tonne,63,,,low
attometre siemens litre,60,,,low
kilogram per square metre,60,,,low
atomic mass unit per metre,59,,,low
millisecond per metre,59,,,low
atomic mass unit byte,58,,,low
metre second,58,,,low
metre standard litre per minute,57,,,low
dime poise henry,57,,,low
degree Celsius minute of arc,56,,,low
farad exabit to the 21,55,,,low
kilometre per hour,55,,,low
megaampere,55,,,low
year gigayear south african rand,54,,,low
megapascal,53,,,low
cubic centimetre per minute,53,,,low
per square siemens,52,,,low
year to the 10 metre,52,,,low
atomic mass unit pint,51,,,low
milligram litre,50,,,low
centavo degree fahrenheit atomic mass unit,50,,,low
dollar dollar to the 5,49,,,low
microsecond mole per square metre per second of arc,49,,,low
dollar dollar to the 72,49,,,low
minute ampere-turn megaampere,48,,,low
poise second,47,,,low
cubic year metre,47,,,low
minute of arc newton,46,,,low
picometre,45,,,low
per hour to the 48 hour,44,,,low
hectare ampere,44,,,low
dime gram degree Celsius,44,,,low
mega base pair,44,,,low
centimetre to the 20 centimetre,43,,,low
centimetre to the 15 centimetre,43,,,low
atomic mass unit gram per square centimetre,42,,,low
centimetre to the 10 centimetre,42,,,low
atomic mass unit gram per gram,42,,,low
degree Celsius farad atomic mass unit,42,,,low
per cent,42,,,low
second second,41,,,low
atomic mass unit gram per cubic centimetre,41,,,low
year to the 6 metre,41,,,low
watt pint gram,40,,,low
centimetre to the 5 centimetre,40,,,low
hectare,39,,,low
newton mole per litre,39,,,low
percentage volt per volt,39,,,low
metre mole per kilogram per watt,39,,,low
day penny gram,38,,,low
centimetre to the 25 centimetre,37,,,low
poise,37,,,low
centimetre ampere-turn,36,,,low
horsepower-hour,36,,,low
year to the 9 metre,36,,,low
year to the 7 metre,36,,,low
hectare gauss,36,,,low
inch ampere-turn steradian,36,,,low
atomic mass unit volt,36,,,low
tesla litre siemens,35,,,low
per metre to the 600 metre,35,,,low
milligram per cubic decimetre,35,,,low
unk to the 8,35,,,low
second ampere-turn,34,,,low
siemens watt,33,,,low
milligram newton,33,,,low
gallon,32,,,low
centimetre second,32,,,low
per nanoampere,32,,,low
degree Celsius degree fahrenheit atomic mass unit,32,,,low
steradian,32,,,low
kelvin,31,,,low
stokes,31,,,low
hour to the 10,31,,,low
year to the 11 metre,31,,,low
hectopascal,30,,,low
gigafarad poise,30,,,low
year to the 5 metre,30,,,low
pint gram,30,,,low
hertz,30,,,low
watt kilogram ampere,30,,,low
per dime to the 11 dime,30,,,low
cubic centimetre dime,30,,,low
per joule,30,,,low
atomic mass unit degree Celsius,30,,,low
poise dime,29,,,low
cubic centimetre second,28,,,low
byte to the 12,28,,,low
per siemens,28,,,low
rutherford,27,,,low
hectare poise farad,27,,,low
degree angle to the 37,27,,,low
degree angle to the 31,27,,,low
unk to the 36,26,,,low
millimetre exayear roentgen,26,,,low
petabyte,25,,,low
atomic mass unit tesla,25,,,low
milligram per square metre,24,,,low
unk to the 350,24,,,low
gigabyte,24,,,low
kilometre siemens ampere-turn,24,,,low
per exayear per roentgen per light-year,24,,,low
day gauss,24,,,low
unk to the 45,24,,,low
square year metre,24,,,low
percentage degree Celsius per newton,24,,,low
dime dime,24,,,low
centimetre day,24,,,low
unk to the 170,24,,,low
ampere-turn atomic mass unit gauss,24,,,low
poise gauss centilitre degree Celsius,24,,,low
hour megaampere,24,,,low
barye,23,,,low
dime poise degree fahrenheit,23,,,low
per square metre,23,,,low
per metre to the 1000 metre,23,,,low
year metre,22,,,low
dime dime degree Celsius,22,,,low
south african rand ampere pint pint,22,,,low
milligram centilitre per litre,22,,,low
minute ampere-turn year,22,,,low
cubic millimetre per watt per ell,22,,,low
inch per second,22,,,low
metre to the 15 dime,22,,,low
pair,22,,,low
gram per cubic metre,22,,,low
unk to the 11,22,,,low
atomic mass unit second,22,,,low
atomic mass unit per cubic millimetre tesla to the 4,22,,,low
cubic centimetre henry to the 20,22,,,low
lumen square nanobarn,22,,,low
per cubic day,21,,,low
mole,21,,,low
tablespoon,21,,,low
year nanosecond,21,,,low
metre cubic metre,21,,,low
unk to the 6,21,,,low
per year to the 60 year,21,,,low
per day,21,,,low
barye poise,21,,,low
per watt to the 12 watt,21,,,low
per dime,21,,,low
watt ampere femtobarn,21,,,low
day byte,21,,,low
foot siemens,20,,,low
per square day,20,,,low
litre litre,20,,,low
yoctobarn pint,20,,,low
per metre to the 30 metre,20,,,low
square millimetre,20,,,low
degree angle roentgen,20,,,low
year to the 5 month,20,,,low
cubic centimetre per kilogram,20,,,low
gigayear,20,,,low
per volt to the 18,20,,,low
nanoampere,19,,,low
set south african rand,19,,,low
tonne oersted dime,19,,,low
per metre to the 200 metre,19,,,low
year exayear second,19,,,low
watt centipoise,19,,,low
degree Celsius per kilogram,18,,,low
year to the 8 metre,18,,,low
centavo to the 57 barn litre to the 6,18,,,low
per dime to the 5,18,,,low
gray,18,,,low
unk mole per square metre,18,,,low
unk to the 48,18,,,low
minute of arc basis point,18,,,low
metre ampere-turn,18,,,low
per metre metre,18,,,low
kilogray,18,,,low
atomic mass unit newton,18,,,low
metre watt,17,,,low
ampere-turn square pint bit to the 4,17,,,low
inch gauss,17,,,low
stokes ampere-turn to the 5 bit,17,,,low
milliampere,17,,,low
joule atomic mass unit atomic mass unit,17,,,low
newton euro nanosecond per square centimetre,16,,,low
newton set,16,,,low
cubic metre per day,16,,,low
square degree angle,16,,,low
millimetre newton,16,,,low
ampere dime,16,,,low
year to the 4 metre,16,,,low
kiloyear,16,,,low
watt pint hour,16,,,low
degree angle to the 18,16,,,low
newton metre atomic mass unit,16,,,low
unk micrometre,16,,,low
per hour to the 60 hour,16,,,low
degree angle day,16,,,low
degree Celsius ampere-turn megaampere,16,,,low
metre per siemens,16,,,low
horsepower tonne,16,,,low
decimetre exametre per degree fahrenheit to the 12,16,,,low
watt inch dime,16,,,low
unk to the 24 second of arc newton,16,,,low
microgram per cubic centimetre,16,,,low
second atomic mass unit barn set,16,,,low
year basis point,15,,,low
nanowatt,15,,,low
dime dime gram,15,,,low
kilometre astronomical unit,15,,,low
hour newton,15,,,low
centimetre board-foot,15,,,low
year to the 10 month,15,,,low
kibibyte watt,15,,,low
per month,15,,,low
megayear peck to the 14,14,,,low
square day,14,,,low
megaton second,14,,,low
centimetre to the 30 centimetre,14,,,low
minute per roentgen per tesla,14,,,low
henry bit,14,,,low
second hour nanoampere,14,,,low
megaampere peck to the 14,14,,,low
megaampere peck,14,,,low
hour tesla,14,,,low
dime year year second,14,,,low
bit litre dime,14,,,low
per square month year,14,,,low
metre to the 23 dime,14,,,low
set roentgen,14,,,low
milligram poise per litre,13,,,low
metre to the 11 dime,13,,,low
watt pint farad,13,,,low
atomic mass unit mole per square metre per second,13,,,low
centimetre exayear roentgen,13,,,low
degree Celsius newton,13,,,low
per metre to the 160 metre,13,,,low
dollar dollar to the 24,13,,,low
dollar dollar to the 4,13,,,low
joule bit,13,,,low
per rutherford,13,,,low
megabit,13,,,low
centavo dime,12,,,low
millibarn year roentgen,12,,,low
centavo farad atomic mass unit,12,,,low
barye pound-mass per centavo,12,,,low
centavo farad atomic mass unit per gram,12,,,low
inch pint atomic mass unit tonne,12,,,low
metre to the 25 dime,12,,,low
candela per square metre hour,12,,,low
per centimetre centimetre,12,,,low
steradian south african rand nanoampere,12,,,low
unk per cubic centimetre,12,,,low
year to the 4,12,,,low
gram millisecond,12,,,low
newton denier,12,,,low
centavo mole centavo per decimetre,12,,,low
ton-force,12,,,low
millimetre kelvin,12,,,low
per centimetre to the 5 centimetre,12,,,low
terametre per exametre to the 165,12,,,low
set dime to the 5,12,,,low
inch per second degree Celsius,12,,,low
ton of refrigeration acre,12,,,low
megayear per year to the 2019,12,,,low
atomic mass unit per poise,12,,,low
metre to the 7 dime,12,,,low
kilogram per cubic decimetre,12,,,low
day newton,12,,,low
acre volt,12,,,low
year to the 12,12,,,low
atomic mass unit per square poise,12,,,low
cubic dime,12,,,low
league per degree fahrenheit,12,,,low
atomic mass unit henry,12,,,low
atomic mass unit per cubic poise,12,,,low
newton henry to the 4,12,,,low
per per mille to the 10 per mille,12,,,low
cubic litre,11,,,low
per cubic dime,11,,,low
poise hour atomic mass unit,11,,,low
per square month,11,,,low
per metre to the 106 metre,11,,,low
metre nanowatt,11,,,low
cubic centilitre,11,,,low
astronomical unit gram to the 20,11,,,low
baud,11,,,low
year to the 6 month,11,,,low
per cubic month,11,,,low
kilowatt,11,,,low
square tesla,11,,,low
millijoule per square centimetre,11,,,low
day pint,11,,,low
per percentage to the 7,11,,,low
minute of arc minute of arc siemens,11,,,low
per square dime,11,,,low
kibibyte newton,10,,,low
centimetre oersted,10,,,low
centimetre to the 185 centimetre,10,,,low
gram gram,10,,,low
year litre inch gram,10,,,low
megayear per year to the 2016,10,,,low
centavo to the 57 byte litre,10,,,low
hour to the 37 metre,10,,,low
per metre to the 2731 metre,10,,,low
siemens ampere per litre to the 8 watt,10,,,low
per newton to the 41,10,,,low
foot newton,10,,,low
hour to the 40 metre,10,,,low
year exayear second second,10,,,low
year to the 8 month,10,,,low
day day,10,,,low
degree Celsius siemens farad,10,,,low
per metre to the 100 metre,10,,,low
siemens per metre,10,,,low
ampere pint per south african rand to the 2015,10,,,low
gigafarad,10,,,low
newton to the 917,10,,,low
ton of refrigeration ampere per square degree fahrenheit,10,,,low
mole tonne,10,,,low
year to the 9 month,10,,,low
square year month,10,,,low
tonne per hectare,10,,,low
unk to the 55,10,,,low
degree angle degree Celsius day,10,,,low
degree angle degree Celsius cubic roentgen,10,,,low
byte to the 6,10,,,low
degree angle to the 7,9,,,low
degree angle to the 25,9,,,low
mill,9,,,low
per mille,9,,,low
metre atomic mass unit megaton,9,,,low
nanosecond gauss,9,,,low
day petayear,9,,,low
square metre dime,9,,,low
exayear centavo hour,9,,,low
square kilometre,9,,,low
metre to the 17 dime,9,,,low
cubic day,9,,,low
kibibyte hour,9,,,low
gauss centavo,9,,,low
metre to the 8 dime,9,,,low
metre to the 29 dime,9,,,low
litre year gram,9,,,low
roentgen year,9,,,low
metre to the 24 dime,9,,,low
picobarn,9,,,low
shake roentgen,9,,,low
watt to the 6 dime,9,,,low
horsepower degree fahrenheit pound sterling,9,,,low
hour atomic mass unit mile dime,9,,,low
week attobarn,9,,,low
cubic metre dime,8,,,low
second quintal centimetre,8,,,low
unk to the 97,8,,,low
foot degree fahrenheit,8,,,low
metre to the 26 dime,8,,,low
degree angle degree Celsius square roentgen,8,,,low
watt dime,8,,,low
per litre to the 7 litre,8,,,low
unk to the 25,8,,,low
per metre to the 2020 metre,8,,,low
hour to the 51 metre,8,,,low
metre to the 13 dime,8,,,low
hour to the 42 metre,8,,,low
year to the 7 month,8,,,low
dime gigaampere,8,,,low
litre ampere,8,,,low
turn degree Celsius,8,,,low
cubic centimetre ampere-turn,8,,,low
count per week,8,,,low
unk to the 15,8,,,low
kibibyte dime,8,,,low
gross nanoampere,8,,,low
year mile,8,,,low
hour to the 50,8,,,low
farad degree Celsius,8,,,low
kilocalorie year,8,,,low
per day to the 5,8,,,low
megayear per year to the 2017,8,,,low
cubic year month,8,,,low
cubic unk,8,,,low
millicoulomb henry to the 15,7,,,low
cubic centimetre exabyte,7,,,low
centimetre to the 85 centimetre,7,,,low
cubic year,7,,,low
per day to the 4,7,,,low
kelvin watt,7,,,low
atomic mass unit byte kelvin,7,,,low
pound per square inch,7,,,low
denier,7,,,low
minute of arc watt,7,,,low
per metre to the 2606 metre,7,,,low
year to the 4 month,7,,,low
milligram per centavo per ell,7,,,low
poise square dime,7,,,low
gram newton,7,,,low
terametre exametre to the 165,7,,,low
minute of arc degree Celsius,7,,,low
unk to the 24,7,,,low
per day to the 6,7,,,low
turn byte,7,,,low
lux,7,,,low
yoctobarn poise,7,,,low
hour to the 46 metre,7,,,low
megayear per year to the 2015,7,,,low
per square centimetre,7,,,low
per metre to the 3050 metre,7,,,low
gram per gram,7,,,low
century,7,,,low
square unk,6,,,low
per centimetre to the 6,6,,,low
per centimetre to the 10,6,,,low
bushel day,6,,,low
unk to the 35,6,,,low
week to the 4,6,,,low
newton degree fahrenheit,6,,,low
milligram degree Celsius per litre,6,,,low
joule atomic mass unit per litre to the 2014,6,,,low
per square hour,6,,,low
degree Celsius degree fahrenheit atomic mass unit per cubic centimetre,6,,,low
per unk to the 12716 minute of arc,6,,,low
per cubic centimetre,6,,,low
per centimetre,6,,,low
hour per day,6,,,low
degree angle to the 58,6,,,low
per square week,6,,,low
centilitre,6,,,low
degree angle to the 34 minute of arc to the 51,6,,,low
calorie ampere day,6,,,low
hour to the 50 metre,6,,,low
per centimetre to the 4,6,,,low
degree angle degree fahrenheit,6,,,low
per metre to the 520 metre,6,,,low
hour to the 45 metre,6,,,low
metre to the 21 joule,6,,,low
square week,6,,,low
per centimetre to the 12,6,,,low
milliampere-hour,6,,,low
per centimetre to the 18,6,,,low
per square year,6,,,low
cubic millimetre set,6,,,low
year to the 5,6,,,low
per centimetre to the 11,6,,,low
dime pint litre,6,,,low
per metre to the 53 metre,6,,,low
per centimetre to the 7,6,,,low
per centimetre to the 13,6,,,low
atomic mass unit roentgen exaampere,6,,,low
centavo year stere second,6,,,low
calorie basis point,6,,,low
per centimetre to the 14,6,,,low
watt kelvin second,6,,,low
square joule,6,,,low
per centimetre to the 5,6,,,low
per week,6,,,low
per unk to the 4248 minute of arc,6,,,low
degree angle to the 14,6,,,low
parts-per-million volt,6,,,low
dime newton atomic mass unit,6,,,low
megabyte litre second,6,,,low
per centimetre to the 9,6,,,low
month to the 14 day,6,,,low
decibel year second,6,,,low
cubic week,6,,,low
metre bit,6,,,low
centimetre to the 45 centimetre,6,,,low
dime poise gauss,6,,,low
lumen,6,,,low
per centimetre to the 15,6,,,low
dime petawatt,6,,,low
hour to the 41 metre,6,,,low
per hour,6,,,low
per watt to the 10 watt,6,,,low
watt second,6,,,low
decibel farad,6,,,low
per centimetre to the 17,6,,,low
milligram newton per kilogram,6,,,low
per cent per nanoampere,6,,,low
centimetre to the 125 centimetre,6,,,low
per centimetre to the 16,6,,,low
siemens poise degree fahrenheit,6,,,low
per cubic week,6,,,low
megabyte roentgen farad,6,,,low
week attoampere,6,,,low
per centimetre to the 8,6,,,low
metre to the 4 dime,5,,,low
minute of arc barye,5,,,low
metre to the 9 dime,5,,,low
per metre to the 550 metre,5,,,low
megaton roentgen,5,,,low
unk to the 19,5,,,low
per centimetre to the 20,5,,,low
square month,5,,,low
per square minute,5,,,low
ton-force henry,5,,,low
farad per exabit to the 2015,5,,,low
per centimetre to the 21,5,,,low
hour to the 34 metre,5,,,low
unk to the 46,5,,,low
millisecond board-foot,5,,,low
per metre to the 2115 metre,5,,,low
minute of arc quintal inch gram,5,,,low
metre newton,5,,,low
per centimetre to the 19,5,,,low
degree angle byte,5,,,low
centilitre to the 18,5,,,low
mile centavo roentgen oersted,5,,,low
gigametre,5,,,low
roentgen metre,5,,,low
hour to the 43 metre,5,,,low
joule atomic mass unit per newton to the 2015,5,,,low
joule carat,5,,,low
unk to the 4,5,,,low
unk to the 57,5,,,low
hour to the 49 metre,5,,,low
metre to the 27 dime,5,,,low
year to the 9,5,,,low
megayear peck,5,,,low
gram ampere-turn,5,,,low
hour to the 53 metre,5,,,low
kibibyte siemens,5,,,low
per cubic minute,5,,,low
unk to the 7,5,,,low
degree angle to the 53,5,,,low
decimetre,5,,,low
centilitre to the 4,5,,,low
day pint hour,5,,,low
hour to the 52 metre,5,,,low
kilobit,5,,,low
per minute,5,,,low
per week to the 4,5,,,low
unk to the 21,5,,,low
unk to the 9,5,,,low
degree angle to the 46,5,,,low
dime to the 9,4,,,low
per degree Celsius,4,,,low
rutherford kilometre,4,,,low
per cubic degree Celsius,4,,,low
cubic byte,4,,,low
ampere to the 11,4,,,low
centavo roentgen year,4,,,low
centavo to the 12,4,,,low
volt litre poise second,4,,,low
dime to the 4,4,,,low
byte to the 5,4,,,low
metre to the 16 dime,4,,,low
ampere to the 6,4,,,low
attometre year,4,,,low
square year,4,,,low
millicoulomb henry to the 16,4,,,low
petabit,4,,,low
ampere to the 8,4,,,low
per square degree Celsius,4,,,low
square dime,4,,,low
month to the 5,4,,,low
roentgen volt,4,,,low
year newton atomic mass unit,4,,,low
per metre to the 2070 metre,4,,,low
decibel ampere,4,,,low
year to the 6,4,,,low
per metre to the 2205 metre,4,,,low
centavo to the 5,4,,,low
mill year rutherford,4,,,low
ampere-turn kilometre,4,,,low
byte to the 9,4,,,low
dime to the 6,4,,,low
unk mole,4,,,low
litre litre to the 5,4,,,low
metre to the 18 dime,4,,,low
ampere to the 12,4,,,low
second calorie pixel,4,,,low
hour to the 36 metre,4,,,low
centavo to the 4,4,,,low
cubic month,4,,,low
dime to the 11,4,,,low
cubic ampere,4,,,low
year pound sterling,4,,,low
dime to the 10,4,,,low
teraampere watt newton,4,,,low
year to the 7,4,,,low
watt ampere farad,4,,,low
megayear,4,,,low
byte to the 8,4,,,low
week pound sterling,4,,,low
gauss dime,4,,,low
curie,4,,,low
ampere to the 4,4,,,low
unk to the 17,4,,,low
square centilitre,4,,,low
dime to the 7,4,,,low
dime to the 8,4,,,low
minute of arc farad atomic mass unit,4,,,low
square tesla petaampere,4,,,low
byte to the 10,4,,,low
byte to the 7,4,,,low
gram-force,4,,,low
hour to the 30 pint farad,4,,,low
dime to the 5,4,,,low
square hour,4,,,low
per week to the 5,4,,,low
month to the 6,4,,,low
litre cubic litre,4,,,low
petabit lumen poise,4,,,low
month to the 4,4,,,low
unk to the 5,4,,,low
metre to the 19 dime,4,,,low
square ampere,4,,,low
centavo to the 11,4,,,low
byte to the 4,4,,,low
centavo to the 9,4,,,low
centavo to the 7,4,,,low
square byte,4,,,low
pint newton litre to the 4,4,,,low
centavo to the 6,4,,,low
hour pint to the 10,4,,,low
byte to the 11,4,,,low
centavo to the 10,4,,,low
year to the 8,4,,,low
megapixel tesla,4,,,low
metre to the 10 dime,4,,,low
metre dime centimetre,4,,,low
pint litre atomic mass unit second,4,,,low
hour to the 44 metre,4,,,low
ampere to the 5,4,,,low
centavo to the 8,4,,,low
ampere to the 10,4,,,low
per week to the 6,4,,,low
cubic centavo,4,,,low
farad per exabit to the 2016,4,,,low
litre square litre,4,,,low
square centavo,4,,,low
inch siemens,4,,,low
cubic hour,4,,,low
centimetre to the 105 centimetre,4,,,low
degree Celsius south african rand year second,4,,,low
per metre to the 250 metre,4,,,low
horsepower farad to the 21,4,,,low
ampere to the 9,4,,,low
centimetre to the 65 centimetre,4,,,low
joule atomic mass unit per newton to the 2016,4,,,low
metre to the 22 dime,4,,,low
atomic mass unit gram per cubic metre,4,,,low
joule year newton to the 21,4,,,low
litre year pint electronvolt,4,,,low
litre acre,4,,,low
unk to the 56,4,,,low
newton nanowatt,4,,,low
dime to the 12,4,,,low
ampere to the 7,4,,,low
unk to the 38,4,,,low
henry to the 6,4,,,low
siemens petayear,4,,,low
megayear roentgen centavo hour to the 21,4,,,low
kilometre second,3,,,low
hour to the 30 minute,3,,,low
farad to the 5,3,,,low
hour to the 19 metre,3,,,low
astronomical unit per gram to the 2015,3,,,low
drop,3,,,low
centimetre to the 9,3,,,low
percentage siemens dime siemens,3,,,low
farad newton atomic mass unit,3,,,low
per cubic centimetre centimetre,3,,,low
brazilian real,3,,,low
second of arc siemens,3,,,low
unk to the 52,3,,,low
per centimetre to the 22,3,,,low
cubic farad,3,,,low
unk to the 45 minute of arc,3,,,low
farad to the 12,3,,,low
mile second,3,,,low
day set,3,,,low
penny penny to the 183,3,,,low
megayear year to the 21,3,,,low
centimetre to the 15,3,,,low
centimetre to the 10,3,,,low
hartree,3,,,low
unk per gram,3,,,low
second of arc newton,3,,,low
per metre to the 450 metre,3,,,low
centimetre to the 11,3,,,low
unk to the 29,3,,,low
degree fahrenheit to the 123,3,,,low
unk to the 22,3,,,low
month to the 8,3,,,low
south african rand tonne hour,3,,,low
kelvin atomic mass unit,3,,,low
year siemens,3,,,low
farad to the 10,3,,,low
unk to the 42,3,,,low
year to the 10,3,,,low
nanosecond degree Celsius second,3,,,low
hour to the 48 metre,3,,,low
per dime to the 6,3,,,low
centimetre to the 7,3,,,low
volt to the 50 millisecond,3,,,low
square farad,3,,,low
degree fahrenheit to the 121,3,,,low
farad to the 6,3,,,low
unk to the 29 unk to the 55 second of arc newton,3,,,low
kilogram-force,3,,,low
minute of arc newton inch,3,,,low
centimetre to the 16,3,,,low
henry to the 5,3,,,low
centimetre to the 4,3,,,low
centimetre to the 12,3,,,low
joule atomic mass unit per litre to the 2016,3,,,low
per metre to the 500 metre,3,,,low
megayear per year to the 2014,3,,,low
per centimetre to the 26,3,,,low
centimetre to the 8,3,,,low
newton euro newton,3,,,low
metre siemens,3,,,low
centimetre to the 17,3,,,low
centimetre to the 6,3,,,low
hour to the 38 metre,3,,,low
litre litre to the 4,3,,,low
degree Celsius year roentgen roentgen,3,,,low
siemens year,3,,,low
byte rutherford,3,,,low
month to the 7,3,,,low
centimetre to the 13,3,,,low
centilitre to the 7,3,,,low
mile per rutherford,3,,,low
per metre to the 1245 metre,3,,,low
unk to the 37,3,,,low
tesla to the 12,3,,,low
farad to the 9,3,,,low
farad to the 4,3,,,low
per dime to the 4,3,,,low
barn litre dime,3,,,low
unk to the 10,3,,,low
unk to the 51,3,,,low
second pint atomic mass unit south african rand,3,,,low
pint mole per atomic mass unit per litre,3,,,low
poise poise,3,,,low
inch pixel,3,,,low
yard second,3,,,low
per centimetre to the 24,3,,,low
square metre joule,3,,,low
day to the 6306,3,,,low
farad to the 7,3,,,low
farad to the 8,3,,,low
farad to the 11,3,,,low
per centimetre to the 25,3,,,low
astronomical unit per gram to the 12,3,,,low
unk to the 9 second of arc newton to the 10079 unk to the 14,3,,,low
hour to the 47 metre,3,,,low
metre to the 14 dime,3,,,low
unk to the 6 unk to the 7 minute of arc,3,,,low
per centimetre to the 23,3,,,low
per metre to the 390 metre,3,,,low
gauss astronomical unit rutherford year,3,,,low
centimetre to the 14,3,,,low
year exayear roentgen,3,,,low
gram second,3,,,low
roentgen year newton,3,,,low
unk to the 21 unk to the 4,3,,,low
degree angle degree Celsius roentgen,3,,,low
month to the 10,3,,,low
centimetre to the 5,3,,,low
centimetre to the 18,3,,,low
pint hour farad,3,,,low
byte byte,3,,,low
degree Celsius hectare south african rand year,3,,,low
watt per watt,3,,,low
per metre to the 750 metre,3,,,low
petayear dime dime year,3,,,low
year to the 11,3,,,low
hour to the 31 metre,3,,,low
per year to the 4,3,,,low
centimetre to the 19,3,,,low
month to the 12,3,,,low
poise inch atomic mass unit second,3,,,low
tesla petaampere,3,,,low
unk to the 33,3,,,low
centilitre to the 11,3,,,low
unk to the 46 second of arc newton,3,,,low
month to the 11,3,,,low
month to the 9,3,,,low
inch inch,3,,,low
per cubic year,3,,,low
per metre to the 215 metre,3,,,low
ampere pint per south african rand to the 2016,3,,,low
month year,3,,,low
hartree atomic mass unit teraampere,3,,,low
minute of arc ampere litre year,3,,,low
foot square litre,2,,,low
per watt to the 113,2,,,low
terabyte litre to the 7,2,,,low
hour to the 55 metre,2,,,low
watt cubic centimetre,2,,,low
centimetre to the 25,2,,,low
centimetre to the 24,2,,,low
newton litre litre to the 5,2,,,low
unk to the 55 minute of arc minute of arc,2,,,low
unk to the 53 second of arc newton,2,,,low
year to the 18,2,,,low
nanosecond litre to the 5,2,,,low
per week to the 7,2,,,low
candela litre,2,,,low
degree Celsius cubic hectolitre,2,,,low
dime farad pint,2,,,low
swiss franc litre to the 5,2,,,low
cubic unk unk to the 12,2,,,low
metre to the 20 dime,2,,,low
per metre to the 2130 metre,2,,,low
degree Celsius second,2,,,low
per hour to the 18 hour,2,,,low
hectometre litre,2,,,low
watt second square litre,2,,,low
unk to the 22 minute of arc minute of arc,2,,,low
atomic mass unit metre kibibyte,2,,,low
gram to the 6,2,,,low
centimetre to the 178 centimetre,2,,,low
hour to the 54 metre,2,,,low
unk to the 50,2,,,low
gauss to the 8,2,,,low
watt exayear kibibyte,2,,,low
candela square litre,2,,,low
year newton square litre,2,,,low
tesla to the 75,2,,,low
year gigayear roentgen,2,,,low
terabyte square litre,2,,,low
cubic centimetre cubic litre,2,,,low
attobarn,2,,,low
per percentage to the 90 percentage,2,,,low
tesla tesla square litre,2,,,low
square watt,2,,,low
nanoampere ton of refrigeration atomic mass unit newton,2,,,low
day to the 4,2,,,low
per farad per mile per centavo per bit,2,,,low
millicoulomb,2,,,low
litre tonne,2,,,low
year to the 14,2,,,low
year year,2,,,low
per cubic hour,2,,,low
terabyte litre to the 6,2,,,low
henry gauss cubic litre,2,,,low
gauss to the 6,2,,,low
per day to the 7,2,,,low
hour pint to the 7,2,,,low
day second,2,,,low
unk to the 31,2,,,low
degree Celsius ampere-turn,2,,,low
swiss franc litre to the 6,2,,,low
henry gauss square litre,2,,,low
watt square cubic centimetre,2,,,low
hour to the 16 metre,2,,,low
year newton litre,2,,,low
hour to the 39 metre,2,,,low
watt second litre to the 7,2,,,low
watt second litre to the 6,2,,,low
tesla tesla litre,2,,,low
terabyte litre,2,,,low
nanosecond square litre,2,,,low
unk to the 34 minute of arc minute of arc,2,,,low
per degree fahrenheit to the 926 roentgen,2,,,low
centimetre set,2,,,low
gigayear litre to the 4,2,,,low
henry gauss litre to the 6,2,,,low
centimetre to the 208 centimetre,2,,,low
joule atomic mass unit per litre to the 2015,2,,,low
nanosecond cubic litre,2,,,low
hour to the 18 metre,2,,,low
kilometre watt barye,2,,,low
kibibyte newton megaton,2,,,low
gram to the 4,2,,,low
cubic centimetre litre to the 4,2,,,low
per degree fahrenheit per exawatt,2,,,low
candela litre to the 4,2,,,low
foot foot siemens,2,,,low
gauss to the 12,2,,,low
square gauss,2,,,low
barye litre,2,,,low
centimetre to the 95 centimetre,2,,,low
tesla tesla litre to the 6,2,,,low
centimetre to the 155 centimetre,2,,,low
gauss to the 11,2,,,low
atomic mass unit light-year,2,,,low
watt joule decilitre,2,,,low
curie atomic mass unit atomic mass unit dime,2,,,low
per week to the 9,2,,,low
kilometre newton per megaton to the 38 ampere-turn,2,,,low
centimetre to the 26,2,,,low
degree fahrenheit exabit to the 21,2,,,low
watt to the 110,2,,,low
gauss to the 7,2,,,low
cubic henry,2,,,low
per square day week,2,,,low
decade,2,,,low
watt litre to the 4,2,,,low
unk to the 47 minute of arc minute of arc siemens,2,,,low
hour to the 21 metre,2,,,low
hour to the 58 metre,2,,,low
square gram,2,,,low
watt second litre to the 5,2,,,low
hour to the 59 metre,2,,,low
litre watt tesla,2,,,low
degree fahrenheit lux,2,,,low
tesla tesla litre to the 5,2,,,low
dime year second,2,,,low
terabyte cubic litre,2,,,low
joule atomic mass unit per newton to the 2014,2,,,low
henry to the 4,2,,,low
centimetre to the 20,2,,,low
watt second litre to the 4,2,,,low
henry gauss litre to the 4,2,,,low
mile nanowatt megaton,2,,,low
newton square hectolitre,2,,,low
watt second cubic litre,2,,,low
metre atomic mass unit teraampere candela per square metre,2,,,low
newton hectolitre to the 4,2,,,low
hour metre,2,,,low
watt square litre,2,,,low
day petaampere,2,,,low
per metre to the 1940 metre,2,,,low
degree angle newton,2,,,low
pint second year,2,,,low
cubic gauss,2,,,low
barye litre to the 4,2,,,low
tesla tesla cubic litre,2,,,low
degree fahrenheit atomic mass unit newton gallon,2,,,low
degree Celsius hectolitre to the 5,2,,,low
foot foot,2,,,low
acre,2,,,low
litre litre to the 9,2,,,low
gauss to the 10,2,,,low
siemens joule square litre,2,,,low
month to the 8 day,2,,,low
hectolitre,2,,,low
swiss franc litre to the 11,2,,,low
newton litre litre,2,,,low
percentage dime watt,2,,,low
metre atomic mass unit candela per square metre hour,2,,,low
gram to the 7,2,,,low
hectometre cubic litre,2,,,low
unk to the 30 unk to the 8 second of arc newton,2,,,low
year attobarn,2,,,low
second watt ampere year,2,,,low
tesla tesla litre to the 4,2,,,low
litre inch hectare,2,,,low
gigawatt ampere,2,,,low
gigayear litre to the 5,2,,,low
gram to the 11,2,,,low
centimetre to the 59 centimetre,2,,,low
henry to the 8,2,,,low
degree Celsius hectolitre to the 8,2,,,low
barye square litre,2,,,low
year to the 17,2,,,low
per centimetre to the 18 centimetre,2,,,low
degree Celsius siemens,2,,,low
centimetre to the 165 centimetre,2,,,low
litre siemens litre to the 4,2,,,low
litre siemens square litre,2,,,low
jansky cubic litre,2,,,low
quintal,2,,,low
astronomical unit per gram to the 2016,2,,,low
unk to the 14 minute of arc,2,,,low
watt cubic litre,2,,,low
month to the 27 day,2,,,low
swiss franc litre to the 4,2,,,low
per metre to the 3051 metre,2,,,low
pint,2,,,low
gram to the 10,2,,,low
henry gauss litre to the 5,2,,,low
roentgen maxwell byte year,2,,,low
poise exayear inch second,2,,,low
watt litre to the 5,2,,,low
metre to the 12 dime,2,,,low
swiss franc cubic litre,2,,,low
hour to the 57 metre,2,,,low
gigayear square litre,2,,,low
swiss franc litre to the 8,2,,,low
terabyte litre to the 4,2,,,low
jansky square litre,2,,,low
gauss to the 5,2,,,low
gram to the 12,2,,,low
cubic metre metre,2,,,low
centimetre to the 92 centimetre,2,,,low
henry gauss litre to the 7,2,,,low
minute of arc atomic mass unit ton of refrigeration,2,,,low
siemens joule litre to the 6,2,,,low
siemens joule litre to the 4,2,,,low
unk to the 44 minute of arc,2,,,low
gram to the 5,2,,,low
farad volt,2,,,low
jansky litre,2,,,low
metre to the 28 dime,2,,,low
gram to the 8,2,,,low
year to the 16,2,,,low
nanosecond litre,2,,,low
gauss to the 9,2,,,low
foot litre to the 6,2,,,low
rutherford mile watt,2,,,low
cubic centimetre square litre,2,,,low
ångström,2,,,low
year to the 13,2,,,low
henry gauss litre to the 8,2,,,low
centimetre to the 27,2,,,low
barye degree Celsius,2,,,low
hectometre square litre,2,,,low
unk to the 49 minute of arc minute of arc,2,,,low
siemens year litre teraampere,2,,,low
candela cubic litre,2,,,low
centimetre to the 158 centimetre,2,,,low
month to the 11 day,2,,,low
centimetre to the 23,2,,,low
watt cubic centimetre to the 4,2,,,low
metre to the 5 dime,2,,,low
watt joule decilitre to the 4,2,,,low
stere,2,,,low
unk to the 16,2,,,low
hour to the 7 metre,2,,,low
watt cubic cubic centimetre,2,,,low
square hour metre,2,,,low
unk to the 10 minute of arc minute of arc siemens,2,,,low
barye cubic litre,2,,,low
atomic mass unit siemens per centimetre,2,,,low
gram to the 9,2,,,low
candela litre to the 6,2,,,low
hour to the 12 metre,2,,,low
centimetre to the 21,2,,,low
centimetre to the 145 centimetre,2,,,low
per square millimetre millimetre,2,,,low
unk to the 58,2,,,low
hour to the 5 metre,2,,,low
centimetre to the 22,2,,,low
henry gauss litre,2,,,low
jansky litre to the 5,2,,,low
farad per exabit to the 2014,2,,,low
astronomical unit per gram to the 2014,2,,,low
swiss franc litre to the 9,2,,,low
hectolitre to the 5,2,,,low
degree Celsius hectolitre,2,,,low
litre siemens litre to the 5,2,,,low
swiss franc square litre,2,,,low
watt second watt,2,,,low
gauss to the 4,2,,,low
mile newton stokes,2,,,low
year to the 15,2,,,low
terabyte litre to the 5,2,,,low
per ampere,2,,,low
teraampere litre atomic mass unit kelvin,2,,,low
litre siemens litre,2,,,low
henry to the 7,2,,,low
gigayear litre to the 6,2,,,low
degree fahrenheit litre ampere,2,,,low
per week to the 8,2,,,low
unk to the 32,2,,,low
siemens centavo russian ruble,2,,,low
hour to the 9 metre,2,,,low
per month to the 4,2,,,low
jansky litre to the 4,2,,,low
kilometre newton atomic mass unit,2,,,low
watt joule square decilitre,2,,,low
litre year volt-ampere,2,,,low
year exayear litre,2,,,low
litre siemens cubic litre,2,,,low
watt gauss,2,,,low
square henry,2,,,low
swiss franc litre to the 7,2,,,low
watt joule cubic decilitre,2,,,low
nanosecond litre to the 4,2,,,low
per metre to the 1200 metre,2,,,low
month to the 30 day,2,,,low
swiss franc litre to the 10,2,,,low
unk to the 27,2,,,low
hectolitre to the 7,2,,,low
foot litre to the 4,2,,,low
cubic gram,2,,,low
watt per south african rand to the 23,1,,,low
newton hectolitre,1,,,low
centimetre to the 77,1,,,low
hectometre litre to the 6,1,,,low
per year to the 5,1,,,low
centimetre to the 109,1,,,low
hectometre litre to the 5,1,,,low
dime south african rand inch per second,1,,,low
year to the 23,1,,,low
unk to the 7 minute of arc minute of arc siemens,1,,,low
horsepower farad to the 12,1,,,low
per year to the 8,1,,,low
centimetre to the 92,1,,,low
watt litre,1,,,low
terayear,1,,,low
watt per south african rand to the 35,1,,,low
gauss litre atomic mass unit,1,,,low
inch stere year per roentgen,1,,,low
per year to the 13,1,,,low
per farad,1,,,low
foot litre to the 9,1,,,low
centimetre to the 72,1,,,low
centimetre to the 165,1,,,low
watt per south african rand to the 122,1,,,low
unk to the 47,1,,,low
cubic roentgen,1,,,low
cubic unk second of arc siemens,1,,,low
hour to the 23 metre,1,,,low
month to the 16,1,,,low
cubic centimetre per square minute,1,,,low
unk to the 4 foot foot,1,,,low
per byte to the 1815,1,,,low
centimetre to the 91,1,,,low
newton litre square litre,1,,,low
hour to the 14 second,1,,,low
kilocalorie atomic mass unit second year,1,,,low
unk to the 30,1,,,low
per year to the 18,1,,,low
joule degree fahrenheit,1,,,low
kilocalorie atomic mass unit second,1,,,low
centavo centavo,1,,,low
watt per south african rand to the 217,1,,,low
centimetre to the 33,1,,,low
centimetre to the 117,1,,,low
unk to the 35 unk to the 26,1,,,low
year to the 22,1,,,low
watt to the 7,1,,,low
per dime to the 501,1,,,low
centimetre to the 116,1,,,low
unk to the 31 minute of arc minute of arc siemens,1,,,low
degree Celsius hectolitre to the 6,1,,,low
day tonne,1,,,low
per year to the 23,1,,,low
degree Celsius hectare mile second,1,,,low
hectolitre to the 4,1,,,low
unk to the 5 second of arc newton,1,,,low
centimetre to the 40,1,,,low
centimetre to the 58,1,,,low
quintal year to the 39049,1,,,low
statcoulomb attometre,1,,,low
square hour second,1,,,low
per byte to the 8,1,,,low
gigayear second second year,1,,,low
per week to the 15,1,,,low
hour to the 7 second,1,,,low
horsepower farad to the 5,1,,,low
per month to the 12,1,,,low
centimetre to the 114,1,,,low
watt attobarn,1,,,low
horsepower farad to the 15,1,,,low
cubic centimetre per minute to the 5,1,,,low
centimetre to the 71,1,,,low
unk to the 24 unk to the 33,1,,,low
per watt,1,,,low
per cubic degree Celsius hour,1,,,low
hartree roentgen terabyte erg,1,,,low
centimetre to the 176,1,,,low
year to the 22 dime,1,,,low
centimetre bit second degree fahrenheit,1,,,low
watt per south african rand to the 151,1,,,low
centimetre to the 87,1,,,low
siemens hour atomic mass unit newton,1,,,low
per year to the 22,1,,,low
unk to the 53,1,,,low
kelvin siemens,1,,,low
nanoampere pint,1,,,low
watt per south african rand to the 219,1,,,low
metre to the 21 dime,1,,,low
cubic centimetre litre to the 5,1,,,low
centimetre to the 145,1,,,low
barn exayear,1,,,low
month to the 24,1,,,low
centimetre to the 64,1,,,low
centimetre to the 177,1,,,low
astronomical unit inch,1,,,low
hour farad pint,1,,,low
megaampere second cubic centimetre,1,,,low
year farad dime,1,,,low
minute of arc minute of arc watt,1,,,low
centimetre to the 171,1,,,low
per week to the 16,1,,,low
hour to the 24 metre,1,,,low
barn square year,1,,,low
siemens joule cubic litre,1,,,low
pint exayear south african rand,1,,,low
pint dime per farad to the 10,1,,,low
centimetre to the 47,1,,,low
unk to the 6 foot foot siemens,1,,,low
centimetre to the 49,1,,,low
litre inch gram,1,,,low
horsepower farad to the 8,1,,,low
electronvolt roentgen year,1,,,low
pint pint square newton,1,,,low
centimetre to the 122,1,,,low
centimetre to the 141,1,,,low
hour to the 13 second,1,,,low
year to the 24,1,,,low
ampere pint per south african rand to the 2013,1,,,low
watt tesla per tesla metre,1,,,low
month to the 15 day,1,,,low
per year to the 9,1,,,low
degree angle to the 10 unk to the 58,1,,,low
hectolitre to the 8,1,,,low
unk to the 46 inch newton,1,,,low
horsepower farad to the 7,1,,,low
centimetre to the 144,1,,,low
day to the 6,1,,,low
litre year volt-ampere litre,1,,,low
unk to the 39 minute of arc,1,,,low
unk to the 633 siemens,1,,,low
hectolitre to the 6,1,,,low
set kelvin,1,,,low
unk to the 51 unk to the 55 second of arc newton,1,,,low
year to the 8 metre to the 25 dime,1,,,low
unk to the 12,1,,,low
barye litre year,1,,,low
unk to the 7 unk to the 4 second of arc newton,1,,,low
unk to the 23 inch siemens,1,,,low
hour second,1,,,low
centimetre to the 100,1,,,low
unk to the 46 second of arc siemens,1,,,low
watt to the 6,1,,,low
centimetre to the 125,1,,,low
centimetre to the 70,1,,,low
watt per south african rand to the 18,1,,,low
per year to the 28,1,,,low
horsepower farad to the 16,1,,,low
cubic centimetre per cubic minute,1,,,low
hour to the 15 second,1,,,low
kilometre newton dime,1,,,low
per day to the 8 week,1,,,low
litre to the 6,1,,,low
per year to the 30,1,,,low
centimetre to the 83,1,,,low
centimetre to the 115,1,,,low
centimetre to the 159,1,,,low
unk to the 55 inch newton,1,,,low
byte watt to the 25113,1,,,low
hour to the 5 second,1,,,low
centimetre to the 127,1,,,low
megaampere candela per square metre hour,1,,,low
centimetre to the 105,1,,,low
gross dime,1,,,low
per dime to the 7,1,,,low
gigayear litre,1,,,low
unk to the 31 inch siemens,1,,,low
unk to the 44,1,,,low
centimetre to the 59,1,,,low
centimetre to the 74,1,,,low
rutherford mile newton,1,,,low
centimetre to the 128,1,,,low
newton litre cubic litre,1,,,low
minute of arc newton to the 9829,1,,,low
centimetre to the 65,1,,,low
unk to the 32 foot,1,,,low
ampere-turn south african rand,1,,,low
per day to the 11,1,,,low
centimetre to the 38,1,,,low
per dime to the 8,1,,,low
siemens hectare year,1,,,low
week to the 5,1,,,low
per byte to the 31,1,,,low
centimetre to the 146,1,,,low
centimetre to the 140,1,,,low
month to the 22,1,,,low
ampere pound-mass newton,1,,,low
per year to the 26,1,,,low
unk to the 30 inch siemens,1,,,low
centimetre to the 133,1,,,low
unk to the 19 unk to the 26,1,,,low
megayear per roentgen to the 2018,1,,,low
per month to the 6,1,,,low
watt nanowatt,1,,,low
megayear teraampere,1,,,low
watt per south african rand to the 130,1,,,low
cubic year metre to the 9 dime,1,,,low
yard watt,1,,,low
metre to the 6 dime,1,,,low
unk to the 20,1,,,low
horsepower farad to the 10,1,,,low
per week to the 13,1,,,low
year to the 9 metre to the 25 dime,1,,,low
per square watt,1,,,low
hour to the 9 second,1,,,low
atomic mass unit degree fahrenheit,1,,,low
centimetre to the 179,1,,,low
foot litre to the 10,1,,,low
ampere pint per south african rand to the 2014,1,,,low
litre newton,1,,,low
centilitre to the 5,1,,,low
cubic year metre to the 24 dime,1,,,low
foot litre,1,,,low
per day to the 89081,1,,,low
per exayear per centavo per hour,1,,,low
kibibyte watt megaton,1,,,low
unk to the 40,1,,,low
centimetre to the 45,1,,,low
centimetre to the 79,1,,,low
cubic watt,1,,,low
centimetre to the 97,1,,,low
unk to the 30 minute of arc minute of arc siemens,1,,,low
centimetre to the 48,1,,,low
per ampere to the 34,1,,,low
day siemens,1,,,low
megaton roentgen second,1,,,low
watt per south african rand to the 27,1,,,low
petametre metre,1,,,low
centimetre to the 46,1,,,low
nanowatt megaton,1,,,low
square litre,1,,,low
year to the 7 metre to the 18 dime,1,,,low
hour to the 6 second,1,,,low
year to the 20,1,,,low
centimetre to the 137,1,,,low
pint dime per farad to the 5,1,,,low
ampere-turn gross poise to the 7,1,,,low
month to the 21,1,,,low
centimetre to the 34,1,,,low
watt per south african rand to the 15,1,,,low
fathom,1,,,low
swiss franc to the 5.30002e+06,1,,,low
watt to the 4 dime,1,,,low
dime hour,1,,,low
per watt to the 100 watt,1,,,low
per year to the 20,1,,,low
yoctometre,1,,,low
centimetre to the 170,1,,,low
unk to the 34,1,,,low
per year to the 12,1,,,low
gigaampere,1,,,low
square pint,1,,,low
siemens watt ampere,1,,,low
horsepower square farad,1,,,low
gigayear cubic litre,1,,,low
unk to the 37 foot siemens,1,,,low
unk to the 41,1,,,low
second of arc watt,1,,,low
centimetre to the 66,1,,,low
centimetre to the 175,1,,,low
unk to the 54,1,,,low
per cubic centavo hour,1,,,low
per degree Celsius per ampere,1,,,low
unk to the 8 second of arc siemens,1,,,low
centimetre to the 138,1,,,low
centimetre to the 131,1,,,low
metre to the 30 dime,1,,,low
year to the 7 dime,1,,,low
per year to the 11,1,,,low
unk to the 47 unk to the 52,1,,,low
unk to the 21 second of arc siemens,1,,,low
minute of arc year litre year,1,,,low
unk to the 26,1,,,low
hour to the 10 second,1,,,low
centimetre to the 129,1,,,low
centimetre to the 161,1,,,low
unk to the 14 unk to the 56 second of arc newton,1,,,low
per dime to the 9,1,,,low
atomic mass unit siemens swiss franc,1,,,low
year to the 20 dime,1,,,low
gauss henry,1,,,low
centimetre to the 82,1,,,low
month to the 9 day,1,,,low
gram to the 15,1,,,low
per year to the 7,1,,,low
per year to the 31,1,,,low
candela litre to the 5,1,,,low
gauss atomic mass unit tonne second,1,,,low
hour to the 22 metre,1,,,low
centimetre to the 150,1,,,low
year to the 24 dime,1,,,low
horsepower farad to the 17,1,,,low
centimetre to the 67,1,,,low
per year to the 32,1,,,low
short ton,1,,,low
centimetre to the 84,1,,,low
watt per south african rand to the 38,1,,,low
centimetre to the 147,1,,,low
cubic centilitre attometre ampere,1,,,low
milligram day to the 21,1,,,low
month to the 17,1,,,low
square siemens,1,,,low
centimetre to the 51,1,,,low
unk to the 36 inch siemens,1,,,low
minute of arc minute of arc newton,1,,,low
ampere stere litre exayear,1,,,low
centimetre to the 32,1,,,low
centimetre to the 55,1,,,low
unk to the 51 unk to the 48 second of arc newton,1,,,low
picometre metre,1,,,low
watt day,1,,,low
centimetre to the 60,1,,,low
centimetre to the 95,1,,,low
centimetre to the 52,1,,,low
centimetre to the 135,1,,,low
day inch day,1,,,low
foot newton to the 1027,1,,,low
year to the 4 metre to the 11 dime,1,,,low
horsepower farad to the 6,1,,,low
unk to the 23 minute of arc minute of arc siemens,1,,,low
barye year,1,,,low
centimetre to the 103,1,,,low
dime south african rand,1,,,low
kilometre siemens megaton,1,,,low
unk to the 16 minute of arc,1,,,low
per day to the 9,1,,,low
month to the 23 day,1,,,low
per unk to the 1000 minute of arc,1,,,low
watt per south african rand to the 50,1,,,low
foot newton to the 9926,1,,,low
joule atomic mass unit light-year to the 21,1,,,low
unk to the 22 foot siemens,1,,,low
unk to the 8 unk to the 25,1,,,low
per year to the 27,1,,,low
centimetre to the 44,1,,,low
pint dime per farad to the 6,1,,,low
centimetre to the 157,1,,,low
henry henry,1,,,low
metre kelvin,1,,,low
unk to the 32 minute of arc minute of arc newton,1,,,low
pint to the 13,1,,,low
per dime to the 12 dime,1,,,low
week hour,1,,,low
degree Celsius square hectolitre,1,,,low
swiss franc litre,1,,,low
newton joule,1,,,low
per centimetre to the 13 centimetre,1,,,low
per year to the 16,1,,,low
per year to the 15,1,,,low
centimetre to the 112,1,,,low
joule newton carat,1,,,low
newton electronvolt year year,1,,,low
centimetre to the 102,1,,,low
centilitre year year,1,,,low
per year to the 33,1,,,low
day year second,1,,,low
unk to the 50 second of arc newton,1,,,low
centimetre to the 108,1,,,low
unk to the 6 second of arc newton,1,,,low
centimetre to the 54,1,,,low
inch stere year per roentgen to the 8,1,,,low
month to the 18,1,,,low
centimetre to the 180,1,,,low
unk to the 17 inch siemens,1,,,low
centimetre to the 118,1,,,low
foot litre to the 8,1,,,low
rutherford mile,1,,,low
per year to the 6,1,,,low
centimetre to the 111,1,,,low
per year to the 36,1,,,low
watt per south african rand to the 31,1,,,low
centimetre to the 143,1,,,low
hour to the 11 second,1,,,low
gram to the 13,1,,,low
hour to the 18 second,1,,,low
year to the 19,1,,,low
month to the 15,1,,,low
per tesla per newton,1,,,low
centimetre to the 158,1,,,low
cubic hour second,1,,,low
degree fahrenheit ounce,1,,,low
megaton year,1,,,low
femtoampere dime,1,,,low
mile per rutherford per watt,1,,,low
centavo cubic kibibyte,1,,,low
per week to the 10,1,,,low
cubic centimetre per minute to the 6,1,,,low
tonne per hour to the 13 tonne hour,1,,,low
centimetre to the 89,1,,,low
centimetre to the 156,1,,,low
statcoulomb,1,,,low
centimetre to the 36,1,,,low
watt per south african rand to the 135,1,,,low
per hectare,1,,,low
pint dime per farad to the 12,1,,,low
centimetre to the 98,1,,,low
centimetre to the 93,1,,,low
centimetre to the 68,1,,,low
inch stere year per roentgen to the 9,1,,,low
year to the 5 dime,1,,,low
centimetre to the 30,1,,,low
quintal atomic mass unit,1,,,low
week to the 6 hour,1,,,low
centimetre to the 173,1,,,low
unk to the 35 second of arc siemens,1,,,low
centimetre to the 43,1,,,low
centimetre to the 132,1,,,low
centimetre year,1,,,low
litre litre to the 8,1,,,low
year to the 11 month,1,,,low
exayear year roentgen,1,,,low
degree Celsius to the 57 barn litre to the 6,1,,,low
centimetre to the 126,1,,,low
degree angle watt,1,,,low
centimetre to the 39,1,,,low
pint dime per farad to the 11,1,,,low
attometre second litre,1,,,low
per metre to the 175 metre,1,,,low
watt atomic mass unit short ton gram,1,,,low
centimetre to the 113,1,,,low
steradian to the 67,1,,,low
centimetre to the 106,1,,,low
kilometre atomic mass unit,1,,,low
inch stere year per square roentgen,1,,,low
per year to the 35,1,,,low
pint dime per farad to the 9,1,,,low
centimetre to the 61,1,,,low
horsepower farad to the 4,1,,,low
unk to the 39,1,,,low
centimetre to the 178,1,,,low
centimetre to the 160,1,,,low
watt to the 5,1,,,low
watt per south african rand to the 131,1,,,low
cubic hectolitre,1,,,low
per year to the 85 year,1,,,low
terayear hour atomic mass unit nanoampere,1,,,low
horsepower farad to the 11,1,,,low
centimetre to the 123,1,,,low
unk to the 24 foot foot siemens,1,,,low
stilb roentgen,1,,,low
inch second,1,,,low
unk to the 59 second of arc newton,1,,,low
centimetre to the 80,1,,,low
year exayear steradian,1,,,low
newton inch year,1,,,low
south african rand attometre second astronomical unit,1,,,low
milligram litre per litre,1,,,low
unk to the 38 minute of arc newton,1,,,low
newton exabyte,1,,,low
per year to the 19,1,,,low
per volt,1,,,low
gal,1,,,low
year to the 5 metre to the 7 dime,1,,,low
inch stere year per roentgen to the 4,1,,,low
kilometre newton stokes,1,,,low
litre siemens atomic mass unit,1,,,low
watt per south african rand to the 226,1,,,low
rutherford mile siemens,1,,,low
per year to the 21,1,,,low
inch stere year per cubic roentgen,1,,,low
kilometre watt atomic mass unit,1,,,low
centimetre to the 75,1,,,low
month to the 19,1,,,low
ton of refrigeration year nanosecond tonne,1,,,low
degree Celsius hectolitre to the 4,1,,,low
megayear roentgen astronomical unit teraampere,1,,,low
inch stere year per roentgen to the 7,1,,,low
exametre atomic mass unit,1,,,low
metre mole per litre,1,,,low
unk to the 2622 minute of arc,1,,,low
milligram newton per gram,1,,,low
per centimetre to the 20 centimetre,1,,,low
per dime to the 13 dime,1,,,low
unk to the 8 minute of arc,1,,,low
per metre to the 2000 metre,1,,,low
pint dime per farad to the 4,1,,,low
watt per south african rand to the 5,1,,,low
centimetre to the 81,1,,,low
inch stere year per roentgen to the 6,1,,,low
centilitre to the 6,1,,,low
unk to the 23,1,,,low
hour to the 17 metre,1,,,low
watt second litre,1,,,low
hour to the 16 second,1,,,low
newton litre litre to the 4,1,,,low
milligram degree Celsius per gram,1,,,low
ampere pound-mass year newton,1,,,low
cubic year dime,1,,,low
year litre,1,,,low
horsepower farad to the 13,1,,,low
centimetre to the 28,1,,,low
per cubic watt,1,,,low
foot litre to the 7,1,,,low
centimetre to the 153,1,,,low
centimetre to the 163,1,,,low
milligram ampere-hour inch gigayear,1,,,low
siemens centavo hectare atomic mass unit,1,,,low
atomic mass unit newton gram,1,,,low
centimetre to the 134,1,,,low
centilitre to the 10,1,,,low
month to the 14,1,,,low
hectometre litre to the 4,1,,,low
bushel pound-mass,1,,,low
centimetre to the 96,1,,,low
unk to the 43 inch newton,1,,,low
farad per exabit to the 2017,1,,,low
ampere-turn mill,1,,,low
square unk foot,1,,,low
year per year,1,,,low
centimetre to the 35,1,,,low
month to the 16 day,1,,,low
unk to the 10340 minute of arc,1,,,low
cubic centimetre per minute to the 4,1,,,low
centimetre to the 63,1,,,low
per year to the 17,1,,,low
centimetre to the 31,1,,,low
square year dime,1,,,low
centimetre to the 148,1,,,low
unk to the 43 foot,1,,,low
pint dime per square farad,1,,,low
centimetre to the 78,1,,,low
horsepower farad to the 20,1,,,low
square hectolitre,1,,,low
bar calorie year,1,,,low
unk to the 9 inch siemens,1,,,low
unk to the 45 minute of arc minute of arc siemens,1,,,low
gauss litre,1,,,low
unk to the 8 unk to the 43,1,,,low
kiloton,1,,,low
atomic mass unit megaampere volt-ampere,1,,,low
megayear nanoampere atomic mass unit second,1,,,low
unk to the 48 unk to the 14 second of arc newton,1,,,low
centimetre to the 50,1,,,low
unk to the 29 foot,1,,,low
centimetre to the 155,1,,,low
henry watt year to the 99,1,,,low
centimetre to the 121,1,,,low
centimetre to the 37,1,,,low
centimetre to the 136,1,,,low
mile degree fahrenheit candela,1,,,low
foot cubic litre,1,,,low
unk to the 27 foot,1,,,low
horsepower farad to the 9,1,,,low
per year to the 10,1,,,low
inch stere year per roentgen to the 5,1,,,low
unk to the 26 foot foot,1,,,low
per centimetre to the 30 centimetre,1,,,low
cubic week hour,1,,,low
cent metre,1,,,low
centimetre to the 142,1,,,low
litre litre to the 6,1,,,low
pint dime per farad to the 7,1,,,low
month to the 13,1,,,low
centimetre to the 62,1,,,low
month to the 20,1,,,low
litre litre to the 7,1,,,low
unk to the 48 second of arc newton,1,,,low
degree Celsius hectolitre to the 9,1,,,low
minute of arc newton to the 10127,1,,,low
petaampere kibibyte,1,,,low
centimetre to the 42,1,,,low
month to the 23,1,,,low
calorie farad,1,,,low
per hour to the 8 per hour to the 12 per hour to the 16 hour,1,,,low
watt per south african rand to the 14,1,,,low
volt hectolitre,1,,,low
siemens attoampere per roentgen,1,,,low
watt per south african rand to the 47,1,,,low
dime pint pint pint,1,,,low
kilometre metre newton,1,,,low
metre maxwell to the 4 millimetre,1,,,low
centimetre to the 119,1,,,low
year to the 5 metre to the 15 dime,1,,,low
centimetre to the 172,1,,,low
year to the 21,1,,,low
attobarn gauss,1,,,low
centimetre to the 41,1,,,low
unk foot foot siemens,1,,,low
siemens year candela per square metre,1,,,low
hour to the 4 second,1,,,low
week centavo to the 57,1,,,low
centimetre to the 154,1,,,low
unk to the 17 minute of arc,1,,,low
centimetre to the 164,1,,,low
dime to the 60 kilometre,1,,,low
centimetre to the 104,1,,,low
south african rand inch,1,,,low
centimetre to the 107,1,,,low
unk to the 20 inch watt,1,,,low
per month to the 8,1,,,low
dime oersted litre,1,,,low
centimetre to the 120,1,,,low
centimetre to the 166,1,,,low
centimetre to the 149,1,,,low
siemens year south african rand ampere-turn,1,,,low
centimetre to the 110,1,,,low
centimetre to the 99,1,,,low
per year to the 34,1,,,low
watt per south african rand to the 222,1,,,low
centimetre to the 139,1,,,low
year second litre,1,,,low
centimetre to the 94,1,,,low
unk to the 51 minute of arc,1,,,low
centimetre to the 57,1,,,low
dozen,1,,,low
centimetre to the 124,1,,,low
unk minute of arc minute of arc newton,1,,,low
centimetre to the 174,1,,,low
league swiss franc,1,,,low
volt-ampere second exayear,1,,,low
newton cubic hectolitre,1,,,low
statcoulomb stokes,1,,,low
centimetre to the 76,1,,,low
centimetre to the 88,1,,,low
centimetre to the 73,1,,,low
unk to the 28,1,,,low
centimetre to the 90,1,,,low
centimetre to the 56,1,,,low
horsepower farad to the 14,1,,,low
unk to the 48 foot,1,,,low
hour to the 12 second,1,,,low
megayear per year to the 2011,1,,,low
megayear south african rand to the 21,1,,,low
hour to the 17 second,1,,,low
unk to the 9 second of arc siemens,1,,,low
per farad per exawatt,1,,,low
year to the 6 metre to the 24 dime,1,,,low
centimetre to the 168,1,,,low
unk to the 12 minute of arc,1,,,low
square unk inch newton,1,,,low
siemens to the 24,1,,,low
cubic centimetre metre to the 280,1,,,low
per year to the 25,1,,,low
unk to the 14 foot foot siemens,1,,,low
per metre to the 850 metre,1,,,low
unk to the 50 unk to the 34,1,,,low
year henry,1,,,low
centilitre to the 8,1,,,low
per week to the 14,1,,,low
week to the 5 hour,1,,,low
attowatt tesla,1,,,low
centimetre to the 130,1,,,low
square unk minute of arc,1,,,low
centimetre to the 167,1,,,low
foot newton to the 10123,1,,,low
per week to the 11,1,,,low
kilometre per rutherford per watt,1,,,low
per week to the 12,1,,,low
pint dime per cubic farad,1,,,low
teraampere year,1,,,low
siemens joule litre to the 5,1,,,low
per metre to the 197,1,,,low
per month to the 5,1,,,low
square week hour,1,,,low
centimetre to the 101,1,,,low
per kilogram,1,,,low
year exayear tonne second,1,,,low
degree angle to the 54 minute of arc,1,,,low
year bit,1,,,low
ampere-turn swiss franc to the 100,1,,,low
unk to the 48 foot foot siemens,1,,,low
per month to the 7,1,,,low
unk to the 49,1,,,low
astronomical unit per gram to the 2012,1,,,low
pint dime per farad,1,,,low
gram to the 14,1,,,low
per byte,1,,,low
ampere pint per south african rand to the 2020,1,,,low
centimetre to the 53,1,,,low
unk to the 15 minute of arc,1,,,low
hectometre per tesla metre,1,,,low
per year to the 14,1,,,low
pint dime per farad to the 8,1,,,low
litre year newton dime,1,,,low
centavo kibibyte,1,,,low
hour to the 8 second,1,,,low
horsepower cubic farad,1,,,low
watt per south african rand to the 223,1,,,low
unk to the 9 minute of arc minute of arc newton,1,,,low
unk to the 53 second of arc siemens,1,,,low
horsepower farad to the 19,1,,,low
year year nanoampere megaampere,1,,,low
horsepower farad to the 18,1,,,low
siemens attoampere per south african rand,1,,,low
centimetre to the 86,1,,,low
centimetre to the 69,1,,,low
megapixel,1,,,low
centimetre to the 151,1,,,low
unk to the 59,1,,,low
centimetre to the 29,1,,,low
day henry,1,,,low
week to the 4 hour,1,,,low
cubic centimetre litre,1,,,low
per year to the 24,1,,,low
year to the 4 dime,1,,,low
foot litre to the 11,1,,,low
hartree millimetre acre kibibyte,1,,,low
byte to the 2750,1,,,low
unk to the 49 second of arc newton,1,,,low
unk to the 18,1,,,low
centimetre to the 169,1,,,low
year newton cubic litre,1,,,low
per unk to the 16 degree Celsius,1,,,low
volt metre,1,,,low
dime day,1,,,low
exawatt per kilogram per watt,1,,,low
per metre to the 150 metre,1,,,low
per year to the 29,1,,,low
petayear,1,,,low
per byte to the 111,1,,,low
centimetre to the 162,1,,,low
centimetre to the 85,1,,,low
speed of light ell,1,,,low
kilometre nanoampere,1,,,low
hour to the 33 metre,1,,,low
unk to the 58 second of arc newton,1,,,low
centavo square kibibyte,1,,,low
minute of arc roentgen year kibibyte,1,,,low
year exayear tonne,1,,,low
bushel dime second,1,,,low
centimetre to the 152,1,,,low
unk to the 53 foot foot newton,1,,,low
degree Celsius hectolitre to the 7,1,,,low
unk to the 58 second siemens,1,,,low
watt tesla,1,,,low
foot litre to the 5,1,,,low
watt to the 4,1,,,low
degree angle to the 50 minute of arc,1,,,low
