slot	range	pattern	structured_pattern.syntax
adapters	string		^{adapter_A_DNA_sequence};{adapter_B_DNA_sequence}$
adjacent_environment	string		
agrochem_addition	string		^{agrochemical_name};{amount} {unit};{date_time_stamp}$
ances_data	string		
anim_water_method	string	^([^\s-]{1,2}|[^\s-]+.+[^\s-]+) \[[a-zA-Z]{2,}:[a-zA-Z0-9]\d+\]$	^{termLabel} \[{termID}\]$
annot	string		
annual_precpt	string	^[-+]?[0-9]*\.?[0-9]+(?:[eE][-+]?[0-9]+)?( *- *[-+]?[0-9]*\.?[0-9]+(?:[eE][-+]?[0-9]+)?)? *([^\s-]{1,2}|[^\s-]+.+[^\s-]+)$	^{scientific_float}( *- *{scientific_float})? *{text}$
annual_temp	string	^[-+]?[0-9]*\.?[0-9]+(?:[eE][-+]?[0-9]+)?( *- *[-+]?[0-9]*\.?[0-9]+(?:[eE][-+]?[0-9]+)?)? *([^\s-]{1,2}|[^\s-]+.+[^\s-]+)$	^{scientific_float}( *- *{scientific_float})? *{text}$
assembly_name	string		
assembly_qual	AssemblyQualEnum		
assembly_software	string	^([^\s-]{1,2}|[^\s-]+.+[^\s-]+);([^\s-]{1,2}|[^\s-]+.+[^\s-]+);([^\s-]{1,2}|[^\s-]+.+[^\s-]+)$	^{software};{version};{parameters}$
associated_resource	string		^{PMID}|{DOI}|{URL}$
biotic_relationship	BioticRelationshipEnum		
chem_administration	string		
chimera_check	string	^([^\s-]{1,2}|[^\s-]+.+[^\s-]+);([^\s-]{1,2}|[^\s-]+.+[^\s-]+);([^\s-]{1,2}|[^\s-]+.+[^\s-]+)$	^{software};{version};{parameters}$
climate_environment	string		
crop_rotation	string		
crop_yield	string	^[-+]?[0-9]*\.?[0-9]+(?:[eE][-+]?[0-9]+)?( *- *[-+]?[0-9]*\.?[0-9]+(?:[eE][-+]?[0-9]+)?)? *([^\s-]{1,2}|[^\s-]+.+[^\s-]+)$	^{scientific_float}( *- *{scientific_float})? *{text}$
cult_isol_date	datetime		
cur_land_use	string		
cur_vegetation	string		
cur_vegetation_meth	string	^^PMID:\d+$|^doi:10.\d{2,9}/.*$|^https?:\/\/(?:www\.)?[-a-zA-Z0-9@:%._\+~#=]{1,256}\.[a-zA-Z0-9()]{1,6}\b(?:[-a-zA-Z0-9()@:%_\+.~#?&\/=]*)$$	^{PMID}|{DOI}|{URL}$
depth	string	^[-+]?[0-9]*\.?[0-9]+(?:[eE][-+]?[0-9]+)?( *- *[-+]?[0-9]*\.?[0-9]+(?:[eE][-+]?[0-9]+)?)? *([^\s-]{1,2}|[^\s-]+.+[^\s-]+)$	^{scientific_float}( *- *{scientific_float})? *{text}$
drainage_class	DrainageClassEnum		
elev	string	^[-+]?[0-9]*\.?[0-9]+(?:[eE][-+]?[0-9]+)?( *- *[-+]?[0-9]*\.?[0-9]+(?:[eE][-+]?[0-9]+)?)? *([^\s-]{1,2}|[^\s-]+.+[^\s-]+)$	^{scientific_float}( *- *{scientific_float})? *{text}$
enrichment_protocol	string	^^PMID:\d+$|^doi:10.\d{2,9}/.*$|^https?:\/\/(?:www\.)?[-a-zA-Z0-9@:%._\+~#=]{1,256}\.[a-zA-Z0-9()]{1,6}\b(?:[-a-zA-Z0-9()@:%_\+.~#?&\/=]*)$|([^\s-]{1,2}|[^\s-]+.+[^\s-]+)$	^{PMID}|{DOI}|{URL}|{text}$
extreme_event	datetime		
fao_class	FaoClassEnum		
farm_equip	string	^([^\s-]{1,2}|[^\s-]+.+[^\s-]+) \[[a-zA-Z]{2,}:[a-zA-Z0-9]\d+\]$	^{termLabel} \[{termID}\]$
farm_equip_san	string		
farm_equip_shared	string	^([^\s-]{1,2}|[^\s-]+.+[^\s-]+) \[[a-zA-Z]{2,}:[a-zA-Z0-9]\d+\]$	^{termLabel} \[{termID}\]$
farm_water_source	FarmWaterSourceEnum		
fertilizer_admin	string	^([^\s-]{1,2}|[^\s-]+.+[^\s-]+) \[[a-zA-Z]{2,}:[a-zA-Z0-9]\d+\]$	^{termLabel} \[{termID}\]$
fire	datetime		
flooding	datetime		
food_harvest_proc	string		
food_prod	string	^([^\s-]{1,2}|[^\s-]+.+[^\s-]+) \[[a-zA-Z]{2,}:[a-zA-Z0-9]\d+\]$	^{termLabel} \[{termID}\]$
food_product_type	string		
food_source	string		
food_trav_mode	string	^([^\s-]{1,2}|[^\s-]+.+[^\s-]+) \[[a-zA-Z]{2,}:[a-zA-Z0-9]\d+\]$	^{termLabel} \[{termID}\]$
food_trav_vehic	string		
fungicide_regm	string		
gaseous_environment	string		
genetic_mod	string		^{PMID}|{DOI}|{URL}$
heavy_metals_meth	string	^^PMID:\d+$|^doi:10.\d{2,9}/.*$|^https?:\/\/(?:www\.)?[-a-zA-Z0-9@:%._\+~#=]{1,256}\.[a-zA-Z0-9()]{1,6}\b(?:[-a-zA-Z0-9()@:%_\+.~#?&\/=]*)$$	^{PMID}|{DOI}|{URL}$
herbicide_regm	string		
horizon_meth	string	^^PMID:\d+$|^doi:10.\d{2,9}/.*$|^https?:\/\/(?:www\.)?[-a-zA-Z0-9@:%._\+~#=]{1,256}\.[a-zA-Z0-9()]{1,6}\b(?:[-a-zA-Z0-9()@:%_\+.~#?&\/=]*)$$	^{PMID}|{DOI}|{URL}$
host_age	string	^[-+]?[0-9]*\.?[0-9]+(?:[eE][-+]?[0-9]+)?( *- *[-+]?[0-9]*\.?[0-9]+(?:[eE][-+]?[0-9]+)?)? *([^\s-]{1,2}|[^\s-]+.+[^\s-]+)$	^{scientific_float}( *- *{scientific_float})? *{text}$
host_common_name	string		
host_disease_stat	string		
host_dry_mass	string	^[-+]?[0-9]*\.?[0-9]+(?:[eE][-+]?[0-9]+)?( *- *[-+]?[0-9]*\.?[0-9]+(?:[eE][-+]?[0-9]+)?)? *([^\s-]{1,2}|[^\s-]+.+[^\s-]+)$	^{scientific_float}( *- *{scientific_float})? *{text}$
host_genotype	string		
host_height	string	^[-+]?[0-9]*\.?[0-9]+(?:[eE][-+]?[0-9]+)?( *- *[-+]?[0-9]*\.?[0-9]+(?:[eE][-+]?[0-9]+)?)? *([^\s-]{1,2}|[^\s-]+.+[^\s-]+)$	^{scientific_float}( *- *{scientific_float})? *{text}$
host_length	string	^[-+]?[0-9]*\.?[0-9]+(?:[eE][-+]?[0-9]+)?( *- *[-+]?[0-9]*\.?[0-9]+(?:[eE][-+]?[0-9]+)?)? *([^\s-]{1,2}|[^\s-]+.+[^\s-]+)$	^{scientific_float}( *- *{scientific_float})? *{text}$
host_life_stage	string		
host_phenotype	string		
host_spec_range	string		
host_subspecf_genlin	string		
host_symbiont	string		
host_taxid	string		
host_tot_mass	string	^[-+]?[0-9]*\.?[0-9]+(?:[eE][-+]?[0-9]+)?( *- *[-+]?[0-9]*\.?[0-9]+(?:[eE][-+]?[0-9]+)?)? *([^\s-]{1,2}|[^\s-]+.+[^\s-]+)$	^{scientific_float}( *- *{scientific_float})? *{text}$
humidity	string	^[-+]?[0-9]*\.?[0-9]+(?:[eE][-+]?[0-9]+)?( *- *[-+]?[0-9]*\.?[0-9]+(?:[eE][-+]?[0-9]+)?)? *([^\s-]{1,2}|[^\s-]+.+[^\s-]+)$	^{scientific_float}( *- *{scientific_float})? *{text}$
isol_growth_condt	string	^^PMID:\d+$|^doi:10.\d{2,9}/.*$|^https?:\/\/(?:www\.)?[-a-zA-Z0-9@:%._\+~#=]{1,256}\.[a-zA-Z0-9()]{1,6}\b(?:[-a-zA-Z0-9()@:%_\+.~#?&\/=]*)$$	^{PMID}|{DOI}|{URL}$
lib_layout	LibLayoutEnum		
lib_reads_seqd	integer		
lib_screen	string		
lib_size	integer		
lib_vector	string		
library_prep_kit	string		
link_class_info	string		
link_climate_info	string	^^PMID:\d+$|^doi:10.\d{2,9}/.*$|^https?:\/\/(?:www\.)?[-a-zA-Z0-9@:%._\+~#=]{1,256}\.[a-zA-Z0-9()]{1,6}\b(?:[-a-zA-Z0-9()@:%_\+.~#?&\/=]*)$$	^{PMID}|{DOI}|{URL}$
local_class	string		
local_class_meth	string	^^PMID:\d+$|^doi:10.\d{2,9}/.*$|^https?:\/\/(?:www\.)?[-a-zA-Z0-9@:%._\+~#=]{1,256}\.[a-zA-Z0-9()]{1,6}\b(?:[-a-zA-Z0-9()@:%_\+.~#?&\/=]*)$$	^{PMID}|{DOI}|{URL}$
lot_number	string		
micro_biomass_meth	string	^^PMID:\d+$|^doi:10.\d{2,9}/.*$|^https?:\/\/(?:www\.)?[-a-zA-Z0-9@:%._\+~#=]{1,256}\.[a-zA-Z0-9()]{1,6}\b(?:[-a-zA-Z0-9()@:%_\+.~#?&\/=]*)$$	^{PMID}|{DOI}|{URL}$
microbial_biomass	string	^[-+]?[0-9]*\.?[0-9]+(?:[eE][-+]?[0-9]+)?( *- *[-+]?[0-9]*\.?[0-9]+(?:[eE][-+]?[0-9]+)?)? *([^\s-]{1,2}|[^\s-]+.+[^\s-]+)$	^{scientific_float}( *- *{scientific_float})? *{text}$
mid	string	^[ACGTRKSYMWBHDVN]+$	^{ambiguous_nucleotides}$
misc_param	string		
non_min_nutr_regm	string		
nucl_acid_amp	string	^^PMID:\d+$|^doi:10.\d{2,9}/.*$|^https?:\/\/(?:www\.)?[-a-zA-Z0-9@:%._\+~#=]{1,256}\.[a-zA-Z0-9()]{1,6}\b(?:[-a-zA-Z0-9()@:%_\+.~#?&\/=]*)$$	^{PMID}|{DOI}|{URL}$
nucl_acid_ext	string	^^PMID:\d+$|^doi:10.\d{2,9}/.*$|^https?:\/\/(?:www\.)?[-a-zA-Z0-9@:%._\+~#=]{1,256}\.[a-zA-Z0-9()]{1,6}\b(?:[-a-zA-Z0-9()@:%_\+.~#?&\/=]*)$$	^{PMID}|{DOI}|{URL}$
organism_count	string		
oxy_stat_samp	OxyStatSampEnum		
pathogenicity	string		
pcr_cond	string		
pcr_primers	string		FWD:{ambiguous_nucleotides};REV:{ambiguous_nucleotides}
perturbation	string		
pesticide_regm	string		
ph_meth	string	^^PMID:\d+$|^doi:10.\d{2,9}/.*$|^https?:\/\/(?:www\.)?[-a-zA-Z0-9@:%._\+~#=]{1,256}\.[a-zA-Z0-9()]{1,6}\b(?:[-a-zA-Z0-9()@:%_\+.~#?&\/=]*)$$	^{PMID}|{DOI}|{URL}$
ph_regm	string		
photosynt_activ	string	^[-+]?[0-9]*\.?[0-9]+(?:[eE][-+]?[0-9]+)?( *- *[-+]?[0-9]*\.?[0-9]+(?:[eE][-+]?[0-9]+)?)? *([^\s-]{1,2}|[^\s-]+.+[^\s-]+)$	^{scientific_float}( *- *{scientific_float})? *{text}$
photosynt_activ_meth	string	^^PMID:\d+$|^doi:10.\d{2,9}/.*$|^https?:\/\/(?:www\.)?[-a-zA-Z0-9@:%._\+~#=]{1,256}\.[a-zA-Z0-9()]{1,6}\b(?:[-a-zA-Z0-9()@:%_\+.~#?&\/=]*)$|([^\s-]{1,2}|[^\s-]+.+[^\s-]+)$	^{PMID}|{DOI}|{URL}|{text}$
plant_growth_med	string		
plant_product	string		
plant_struc	string	^([^\s-]{1,2}|[^\s-]+.+[^\s-]+) \[[a-zA-Z]{2,}:[a-zA-Z0-9]\d+\]$	^{termLabel} \[{termID}\]$
plant_water_method	string	^([^\s-]{1,2}|[^\s-]+.+[^\s-]+) \[[a-zA-Z]{2,}:[a-zA-Z0-9]\d+\]$	^{termLabel} \[{termID}\]$
pool_dna_extracts	string		
porosity	string		
pres_animal_insect	string		
prev_land_use_meth	string	^^PMID:\d+$|^doi:10.\d{2,9}/.*$|^https?:\/\/(?:www\.)?[-a-zA-Z0-9@:%._\+~#=]{1,256}\.[a-zA-Z0-9()]{1,6}\b(?:[-a-zA-Z0-9()@:%_\+.~#?&\/=]*)$$	^{PMID}|{DOI}|{URL}$
previous_land_use	string		
profile_position	ProfilePositionEnum		
rel_location	string		
root_med_carbon	string		
root_med_macronutr	string		
root_med_ph	float		
salt_regm	string		
samp_collect_device	string		
samp_collect_method	string	^^PMID:\d+$|^doi:10.\d{2,9}/.*$|^https?:\/\/(?:www\.)?[-a-zA-Z0-9@:%._\+~#=]{1,256}\.[a-zA-Z0-9()]{1,6}\b(?:[-a-zA-Z0-9()@:%_\+.~#?&\/=]*)$|([^\s-]{1,2}|[^\s-]+.+[^\s-]+)$	^{PMID}|{DOI}|{URL}|{text}$
samp_mat_process	string		
samp_pooling	string		
samp_size	string	^[-+]?[0-9]*\.?[0-9]+(?:[eE][-+]?[0-9]+)?( *- *[-+]?[0-9]*\.?[0-9]+(?:[eE][-+]?[0-9]+)?)? *([^\s-]{1,2}|[^\s-]+.+[^\s-]+)$	^{scientific_float}( *- *{scientific_float})? *{text}$
samp_store_dur	string	^P(?:(?:\d+D|\d+M(?:\d+D)?|\d+Y(?:\d+M(?:\d+D)?)?)(?:T(?:\d+H(?:\d+M(?:\d+S)?)?|\d+M(?:\d+S)?|\d+S))?|T(?:\d+H(?:\d+M(?:\d+S)?)?|\d+M(?:\d+S)?|\d+S)|\d+W)$	^{duration}$
samp_store_loc	string		
samp_store_temp	string	^[-+]?[0-9]*\.?[0-9]+(?:[eE][-+]?[0-9]+)?( *- *[-+]?[0-9]*\.?[0-9]+(?:[eE][-+]?[0-9]+)?)? *([^\s-]{1,2}|[^\s-]+.+[^\s-]+)$	^{scientific_float}( *- *{scientific_float})? *{text}$
samp_vol_we_dna_ext	string	^[-+]?[0-9]*\.?[0-9]+(?:[eE][-+]?[0-9]+)?( *- *[-+]?[0-9]*\.?[0-9]+(?:[eE][-+]?[0-9]+)?)? *([^\s-]{1,2}|[^\s-]+.+[^\s-]+)$	^{scientific_float}( *- *{scientific_float})? *{text}$
season	string	^\S+.*\S+ \[[a-zA-Z]{2,}:[a-zA-Z0-9]+\]$	
season_environment	string		
season_humidity	float	^[-+]?[0-9]*\.?[0-9]+(?:[eE][-+]?[0-9]+)?( *- *[-+]?[0-9]*\.?[0-9]+(?:[eE][-+]?[0-9]+)?)? *([^\s-]{1,2}|[^\s-]+.+[^\s-]+)$	^{scientific_float}( *- *{scientific_float})? *{text}$
season_precpt	string	^[-+]?[0-9]*\.?[0-9]+(?:[eE][-+]?[0-9]+)?( *- *[-+]?[0-9]*\.?[0-9]+(?:[eE][-+]?[0-9]+)?)? *([^\s-]{1,2}|[^\s-]+.+[^\s-]+)$	^{scientific_float}( *- *{scientific_float})? *{text}$
season_temp	string	^[-+]?[0-9]*\.?[0-9]+(?:[eE][-+]?[0-9]+)?( *- *[-+]?[0-9]*\.?[0-9]+(?:[eE][-+]?[0-9]+)?)? *([^\s-]{1,2}|[^\s-]+.+[^\s-]+)$	^{scientific_float}( *- *{scientific_float})? *{text}$
seq_meth	string	^([^\s-]{1,2}|[^\s-]+.+[^\s-]+)|(([^\s-]{1,2}|[^\s-]+.+[^\s-]+) \[[a-zA-Z]{2,}:[a-zA-Z0-9]\d+\])$	^{text}|({termLabel} \[{termID}\])$
seq_quality_check	SeqQualityCheckEnum		
sequencing_location	string		
sieving	string		
size_frac_low	string	^[-+]?[0-9]*\.?[0-9]+(?:[eE][-+]?[0-9]+)?( *- *[-+]?[0-9]*\.?[0-9]+(?:[eE][-+]?[0-9]+)?)? *([^\s-]{1,2}|[^\s-]+.+[^\s-]+)$	^{scientific_float}( *- *{scientific_float})? *{text}$
size_frac_up	string	^[-+]?[0-9]*\.?[0-9]+(?:[eE][-+]?[0-9]+)?( *- *[-+]?[0-9]*\.?[0-9]+(?:[eE][-+]?[0-9]+)?)? *([^\s-]{1,2}|[^\s-]+.+[^\s-]+)$	^{scientific_float}( *- *{scientific_float})? *{text}$
slope_aspect	string	^[-+]?[0-9]*\.?[0-9]+(?:[eE][-+]?[0-9]+)?( *- *[-+]?[0-9]*\.?[0-9]+(?:[eE][-+]?[0-9]+)?)? *([^\s-]{1,2}|[^\s-]+.+[^\s-]+)$	^{scientific_float}( *- *{scientific_float})? *{text}$
slope_gradient	string	^[-+]?[0-9]*\.?[0-9]+(?:[eE][-+]?[0-9]+)?( *- *[-+]?[0-9]*\.?[0-9]+(?:[eE][-+]?[0-9]+)?)? *([^\s-]{1,2}|[^\s-]+.+[^\s-]+)$	^{scientific_float}( *- *{scientific_float})? *{text}$
soil_conductivity	string	^[-+]?[0-9]*\.?[0-9]+(?:[eE][-+]?[0-9]+)?( *- *[-+]?[0-9]*\.?[0-9]+(?:[eE][-+]?[0-9]+)?)? *([^\s-]{1,2}|[^\s-]+.+[^\s-]+)$	^{scientific_float}( *- *{scientific_float})? *{text}$
soil_cover	string		
soil_horizon	SoilHorizonEnum		
soil_pH	float		
soil_temp	string	^[-+]?[0-9]*\.?[0-9]+(?:[eE][-+]?[0-9]+)?( *- *[-+]?[0-9]*\.?[0-9]+(?:[eE][-+]?[0-9]+)?)? *([^\s-]{1,2}|[^\s-]+.+[^\s-]+)$	^{scientific_float}( *- *{scientific_float})? *{text}$
soil_texture	string	^[-+]?[0-9]*\.?[0-9]+(?:[eE][-+]?[0-9]+)?( *- *[-+]?[0-9]*\.?[0-9]+(?:[eE][-+]?[0-9]+)?)? *([^\s-]{1,2}|[^\s-]+.+[^\s-]+)$	^{scientific_float}( *- *{scientific_float})? *{text}$
soil_texture_meth	string	^^PMID:\d+$|^doi:10.\d{2,9}/.*$|^https?:\/\/(?:www\.)?[-a-zA-Z0-9@:%._\+~#=]{1,256}\.[a-zA-Z0-9()]{1,6}\b(?:[-a-zA-Z0-9()@:%_\+.~#?&\/=]*)$$	^{PMID}|{DOI}|{URL}$
soil_type	string		
soil_type_meth	string	^^PMID:\d+$|^doi:10.\d{2,9}/.*$|^https?:\/\/(?:www\.)?[-a-zA-Z0-9@:%._\+~#=]{1,256}\.[a-zA-Z0-9()]{1,6}\b(?:[-a-zA-Z0-9()@:%_\+.~#?&\/=]*)$$	^{PMID}|{DOI}|{URL}$
solar_irradiance	string	^[-+]?[0-9]*\.?[0-9]+(?:[eE][-+]?[0-9]+)?( *- *[-+]?[0-9]*\.?[0-9]+(?:[eE][-+]?[0-9]+)?)? *([^\s-]{1,2}|[^\s-]+.+[^\s-]+)$	^{scientific_float}( *- *{scientific_float})? *{text}$
sop	string		^{PMID}|{DOI}|{URL}$
source_mat_id	string		
specific_host	string		
spikein_strain	string		
standing_water_regm	string		
store_cond	string		
target_gene	string		
target_subfragment	string		
temp	string	^[-+]?[0-9]*\.?[0-9]+(?:[eE][-+]?[0-9]+)?( *- *[-+]?[0-9]*\.?[0-9]+(?:[eE][-+]?[0-9]+)?)? *([^\s-]{1,2}|[^\s-]+.+[^\s-]+)$	^{scientific_float}( *- *{scientific_float})? *{text}$
tillage	TillageEnum		
tot_carb	string	^[-+]?[0-9]*\.?[0-9]+(?:[eE][-+]?[0-9]+)?( *- *[-+]?[0-9]*\.?[0-9]+(?:[eE][-+]?[0-9]+)?)? *([^\s-]{1,2}|[^\s-]+.+[^\s-]+)$	^{scientific_float}( *- *{scientific_float})? *{text}$
tot_nitro_cont_meth	string	^^PMID:\d+$|^doi:10.\d{2,9}/.*$|^https?:\/\/(?:www\.)?[-a-zA-Z0-9@:%._\+~#=]{1,256}\.[a-zA-Z0-9()]{1,6}\b(?:[-a-zA-Z0-9()@:%_\+.~#?&\/=]*)$$	^{PMID}|{DOI}|{URL}$
tot_nitro_content	string	^[-+]?[0-9]*\.?[0-9]+(?:[eE][-+]?[0-9]+)?( *- *[-+]?[0-9]*\.?[0-9]+(?:[eE][-+]?[0-9]+)?)? *([^\s-]{1,2}|[^\s-]+.+[^\s-]+)$	^{scientific_float}( *- *{scientific_float})? *{text}$
tot_org_c_meth	string	^^PMID:\d+$|^doi:10.\d{2,9}/.*$|^https?:\/\/(?:www\.)?[-a-zA-Z0-9@:%._\+~#=]{1,256}\.[a-zA-Z0-9()]{1,6}\b(?:[-a-zA-Z0-9()@:%_\+.~#?&\/=]*)$$	^{PMID}|{DOI}|{URL}$
tot_org_carb	string	^[-+]?[0-9]*\.?[0-9]+(?:[eE][-+]?[0-9]+)?( *- *[-+]?[0-9]*\.?[0-9]+(?:[eE][-+]?[0-9]+)?)? *([^\s-]{1,2}|[^\s-]+.+[^\s-]+)$	^{scientific_float}( *- *{scientific_float})? *{text}$
tot_phosphate	string	^[-+]?[0-9]*\.?[0-9]+(?:[eE][-+]?[0-9]+)?( *- *[-+]?[0-9]*\.?[0-9]+(?:[eE][-+]?[0-9]+)?)? *([^\s-]{1,2}|[^\s-]+.+[^\s-]+)$	^{scientific_float}( *- *{scientific_float})? *{text}$
trophic_level	TrophicLevelEnum		
water_pH	float		
water_source_shared	string		
water_temp_regm	string		
watering_regm	string		
air_PM_concen	string		^{particulate_matter_name};{float} {unit}$
alt	string	^[-+]?[0-9]*\.?[0-9]+(?:[eE][-+]?[0-9]+)?( *- *[-+]?[0-9]*\.?[0-9]+(?:[eE][-+]?[0-9]+)?)? *([^\s-]{1,2}|[^\s-]+.+[^\s-]+)$	^{scientific_float}( *- *{scientific_float})? *{text}$
barometric_press	string	^[-+]?[0-9]*\.?[0-9]+(?:[eE][-+]?[0-9]+)?( *- *[-+]?[0-9]*\.?[0-9]+(?:[eE][-+]?[0-9]+)?)? *([^\s-]{1,2}|[^\s-]+.+[^\s-]+)$	^{scientific_float}( *- *{scientific_float})? *{text}$
carb_dioxide	string	^[-+]?[0-9]*\.?[0-9]+(?:[eE][-+]?[0-9]+)?( *- *[-+]?[0-9]*\.?[0-9]+(?:[eE][-+]?[0-9]+)?)? *([^\s-]{1,2}|[^\s-]+.+[^\s-]+)$	^{scientific_float}( *- *{scientific_float})? *{text}$
carb_monoxide	string	^[-+]?[0-9]*\.?[0-9]+(?:[eE][-+]?[0-9]+)?( *- *[-+]?[0-9]*\.?[0-9]+(?:[eE][-+]?[0-9]+)?)? *([^\s-]{1,2}|[^\s-]+.+[^\s-]+)$	^{scientific_float}( *- *{scientific_float})? *{text}$
methane	string	^[-+]?[0-9]*\.?[0-9]+(?:[eE][-+]?[0-9]+)?( *- *[-+]?[0-9]*\.?[0-9]+(?:[eE][-+]?[0-9]+)?)? *([^\s-]{1,2}|[^\s-]+.+[^\s-]+)$	^{scientific_float}( *- *{scientific_float})? *{text}$
oxygen	string	^[-+]?[0-9]*\.?[0-9]+(?:[eE][-+]?[0-9]+)?( *- *[-+]?[0-9]*\.?[0-9]+(?:[eE][-+]?[0-9]+)?)? *([^\s-]{1,2}|[^\s-]+.+[^\s-]+)$	^{scientific_float}( *- *{scientific_float})? *{text}$
pollutants	string		
project_name	string		
salinity	string	^[-+]?[0-9]*\.?[0-9]+(?:[eE][-+]?[0-9]+)?( *- *[-+]?[0-9]*\.?[0-9]+(?:[eE][-+]?[0-9]+)?)? *([^\s-]{1,2}|[^\s-]+.+[^\s-]+)$	^{scientific_float}( *- *{scientific_float})? *{text}$
samp_name	string		
ventilation_rate	string	^[-+]?[0-9]*\.?[0-9]+(?:[eE][-+]?[0-9]+)?( *- *[-+]?[0-9]*\.?[0-9]+(?:[eE][-+]?[0-9]+)?)? *([^\s-]{1,2}|[^\s-]+.+[^\s-]+)$	^{scientific_float}( *- *{scientific_float})? *{text}$
ventilation_type	string		
volatile_org_comp	string		
wind_direction	string		
wind_speed	string	^[-+]?[0-9]*\.?[0-9]+(?:[eE][-+]?[0-9]+)?( *- *[-+]?[0-9]*\.?[0-9]+(?:[eE][-+]?[0-9]+)?)? *([^\s-]{1,2}|[^\s-]+.+[^\s-]+)$	^{scientific_float}( *- *{scientific_float})? *{text}$
abs_air_humidity	string	^[-+]?[0-9]*\.?[0-9]+(?:[eE][-+]?[0-9]+)?( *- *[-+]?[0-9]*\.?[0-9]+(?:[eE][-+]?[0-9]+)?)? *([^\s-]{1,2}|[^\s-]+.+[^\s-]+)$	^{scientific_float}( *- *{scientific_float})? *{text}$
address	string		^{integer} {text}}$
adj_room	string	^([^\s-]{1,2}|[^\s-]+.+[^\s-]+);[1-9][0-9]*$	^{room_name};{room_number}$
aero_struc	AeroStrucEnum		
air_temp	string	^[-+]?[0-9]*\.?[0-9]+(?:[eE][-+]?[0-9]+)?( *- *[-+]?[0-9]*\.?[0-9]+(?:[eE][-+]?[0-9]+)?)? *([^\s-]{1,2}|[^\s-]+.+[^\s-]+)$	^{scientific_float}( *- *{scientific_float})? *{text}$
amount_light	string	^[-+]?[0-9]*\.?[0-9]+(?:[eE][-+]?[0-9]+)?( *- *[-+]?[0-9]*\.?[0-9]+(?:[eE][-+]?[0-9]+)?)? *([^\s-]{1,2}|[^\s-]+.+[^\s-]+)$	^{scientific_float}( *- *{scientific_float})? *{text}$
arch_struc	ArchStrucEnum		
avg_dew_point	string	^[-+]?[0-9]*\.?[0-9]+(?:[eE][-+]?[0-9]+)?( *- *[-+]?[0-9]*\.?[0-9]+(?:[eE][-+]?[0-9]+)?)? *([^\s-]{1,2}|[^\s-]+.+[^\s-]+)$	^{scientific_float}( *- *{scientific_float})? *{text}$
avg_occup	float		
avg_temp	string	^[-+]?[0-9]*\.?[0-9]+(?:[eE][-+]?[0-9]+)?( *- *[-+]?[0-9]*\.?[0-9]+(?:[eE][-+]?[0-9]+)?)? *([^\s-]{1,2}|[^\s-]+.+[^\s-]+)$	^{scientific_float}( *- *{scientific_float})? *{text}$
bathroom_count	integer		
bedroom_count	integer		
build_docs	BuildDocsEnum		
build_occup_type	BuildOccupTypeEnum		
building_setting	BuildingSettingEnum		
built_struc_age	string	^[-+]?[0-9]*\.?[0-9]+(?:[eE][-+]?[0-9]+)?( *- *[-+]?[0-9]*\.?[0-9]+(?:[eE][-+]?[0-9]+)?)? *([^\s-]{1,2}|[^\s-]+.+[^\s-]+)$	^{scientific_float}( *- *{scientific_float})? *{text}$
built_struc_set	BuiltStrucSetEnum		
built_struc_type	string		
ceil_area	string	^[-+]?[0-9]*\.?[0-9]+(?:[eE][-+]?[0-9]+)?( *- *[-+]?[0-9]*\.?[0-9]+(?:[eE][-+]?[0-9]+)?)? *([^\s-]{1,2}|[^\s-]+.+[^\s-]+)$	^{scientific_float}( *- *{scientific_float})? *{text}$
ceil_cond	DamagedEnum		
ceil_finish_mat	CeilFinishMatEnum		
ceil_struc	CeilStrucEnum		
ceil_texture	CeilingWallTextureEnum		
ceil_thermal_mass	string	^[-+]?[0-9]*\.?[0-9]+(?:[eE][-+]?[0-9]+)?( *- *[-+]?[0-9]*\.?[0-9]+(?:[eE][-+]?[0-9]+)?)? *([^\s-]{1,2}|[^\s-]+.+[^\s-]+)$	^{scientific_float}( *- *{scientific_float})? *{text}$
ceil_type	CeilTypeEnum		
ceil_water_mold	MoldVisibilityEnum		
cool_syst_id	integer		
date_last_rain	datetime		
dew_point	string	^[-+]?[0-9]*\.?[0-9]+(?:[eE][-+]?[0-9]+)?( *- *[-+]?[0-9]*\.?[0-9]+(?:[eE][-+]?[0-9]+)?)? *([^\s-]{1,2}|[^\s-]+.+[^\s-]+)$	^{scientific_float}( *- *{scientific_float})? *{text}$
door_comp_type	DoorCompTypeEnum		
door_cond	DamagedRupturedEnum		
door_direct	DoorDirectEnum		
door_loc	CompassDirections8Enum		
door_mat	DoorMatEnum		
door_move	DoorMoveEnum		
door_size	string	^[-+]?[0-9]*\.?[0-9]+(?:[eE][-+]?[0-9]+)?( *- *[-+]?[0-9]*\.?[0-9]+(?:[eE][-+]?[0-9]+)?)? *([^\s-]{1,2}|[^\s-]+.+[^\s-]+)$	^{scientific_float}( *- *{scientific_float})? *{text}$
door_type	DoorTypeEnum		
door_type_metal	DoorTypeMetalEnum		
door_type_wood	string		
door_water_mold	MoldVisibilityEnum		
drawings	DrawingsEnum		
elevator	integer		
escalator	integer		
exp_duct	string	^[-+]?[0-9]*\.?[0-9]+(?:[eE][-+]?[0-9]+)?( *- *[-+]?[0-9]*\.?[0-9]+(?:[eE][-+]?[0-9]+)?)? *([^\s-]{1,2}|[^\s-]+.+[^\s-]+)$	^{scientific_float}( *- *{scientific_float})? *{text}$
exp_pipe	string	^[1-9][0-9]* ([^\s-]{1,2}|[^\s-]+.+[^\s-]+)$	^{integer} {text}$
ext_door	integer		
ext_wall_orient	CompassDirections8Enum		
ext_window_orient	CompassDirections8Enum		
filter_type	FilterTypeEnum		
fireplace_type	FireplaceTypeEnum		
floor_age	string	^[-+]?[0-9]*\.?[0-9]+(?:[eE][-+]?[0-9]+)?( *- *[-+]?[0-9]*\.?[0-9]+(?:[eE][-+]?[0-9]+)?)? *([^\s-]{1,2}|[^\s-]+.+[^\s-]+)$	^{scientific_float}( *- *{scientific_float})? *{text}$
floor_area	string	^[-+]?[0-9]*\.?[0-9]+(?:[eE][-+]?[0-9]+)?( *- *[-+]?[0-9]*\.?[0-9]+(?:[eE][-+]?[0-9]+)?)? *([^\s-]{1,2}|[^\s-]+.+[^\s-]+)$	^{scientific_float}( *- *{scientific_float})? *{text}$
floor_cond	DamagedEnum		
floor_count	integer		
floor_finish_mat	string		
floor_struc	FloorStrucEnum		
floor_thermal_mass	string	^[-+]?[0-9]*\.?[0-9]+(?:[eE][-+]?[0-9]+)?( *- *[-+]?[0-9]*\.?[0-9]+(?:[eE][-+]?[0-9]+)?)? *([^\s-]{1,2}|[^\s-]+.+[^\s-]+)$	^{scientific_float}( *- *{scientific_float})? *{text}$
floor_water_mold	FloorWaterMoldEnum		
freq_clean	FreqCleanEnum		
freq_cook	string	^[1-9][0-9]* ([^\s-]{1,2}|[^\s-]+.+[^\s-]+)$	^{integer} {text}$
furniture	FurnitureEnum		
gender_restroom	GenderRestroomEnum		
hall_count	integer		
handidness	HandidnessEnum		
heat_cool_type	HeatCoolTypeEnum		
heat_deliv_loc	CompassDirections8Enum		
heat_sys_deliv_meth	HeatSysDelivMethEnum		
heat_system_id	integer		
height_carper_fiber	string	^[-+]?[0-9]*\.?[0-9]+(?:[eE][-+]?[0-9]+)?( *- *[-+]?[0-9]*\.?[0-9]+(?:[eE][-+]?[0-9]+)?)? *([^\s-]{1,2}|[^\s-]+.+[^\s-]+)$	^{scientific_float}( *- *{scientific_float})? *{text}$
indoor_space	IndoorSpaceEnum		
indoor_surf	IndoorSurfEnum		
inside_lux	string	^[-+]?[0-9]*\.?[0-9]+(?:[eE][-+]?[0-9]+)?( *- *[-+]?[0-9]*\.?[0-9]+(?:[eE][-+]?[0-9]+)?)? *([^\s-]{1,2}|[^\s-]+.+[^\s-]+)$	^{scientific_float}( *- *{scientific_float})? *{text}$
int_wall_cond	DamagedEnum		
last_clean	datetime		
light_type	LightTypeEnum		
max_occup	string	^[1-9][0-9]* ([^\s-]{1,2}|[^\s-]+.+[^\s-]+)$	^{integer} {text}$
mech_struc	MechStrucEnum		
number_pets	string	^[1-9][0-9]* ([^\s-]{1,2}|[^\s-]+.+[^\s-]+)$	^{integer} {text}$
number_plants	string	^[1-9][0-9]* ([^\s-]{1,2}|[^\s-]+.+[^\s-]+)$	^{integer} {text}$
number_resident	string	^[1-9][0-9]* ([^\s-]{1,2}|[^\s-]+.+[^\s-]+)$	^{integer} {text}$
occup_density_samp	float		
occup_document	OccupDocumentEnum		
occup_samp	float	^[1-9][0-9]* ([^\s-]{1,2}|[^\s-]+.+[^\s-]+)$	^{integer} {text}$
quad_pos	QuadPosEnum		
rel_air_humidity	float	^[-+]?[0-9]*\.?[0-9]+(?:[eE][-+]?[0-9]+)?( *- *[-+]?[0-9]*\.?[0-9]+(?:[eE][-+]?[0-9]+)?)? *([^\s-]{1,2}|[^\s-]+.+[^\s-]+)$	^{scientific_float}( *- *{scientific_float})? *{text}$
rel_humidity_out	string	^[-+]?[0-9]*\.?[0-9]+(?:[eE][-+]?[0-9]+)?( *- *[-+]?[0-9]*\.?[0-9]+(?:[eE][-+]?[0-9]+)?)? *([^\s-]{1,2}|[^\s-]+.+[^\s-]+)$	^{scientific_float}( *- *{scientific_float})? *{text}$
rel_samp_loc	RelSampLocEnum		
room_air_exch_rate	string	^[-+]?[0-9]*\.?[0-9]+(?:[eE][-+]?[0-9]+)?( *- *[-+]?[0-9]*\.?[0-9]+(?:[eE][-+]?[0-9]+)?)? *([^\s-]{1,2}|[^\s-]+.+[^\s-]+)$	^{scientific_float}( *- *{scientific_float})? *{text}$
room_architec_elem	string		
room_condt	RoomCondtEnum		
room_connected	RoomConnectedEnum		
room_count	integer		
room_dim	string		
room_door_dist	string	^[1-9][0-9]* ([^\s-]{1,2}|[^\s-]+.+[^\s-]+)$	^{integer} {text}$
room_door_share	string	^([^\s-]{1,2}|[^\s-]+.+[^\s-]+);[1-9][0-9]*$	^{room_name};{room_number}$
room_hallway	string	^([^\s-]{1,2}|[^\s-]+.+[^\s-]+);[1-9][0-9]*$	^{room_name};{room_number}$
room_loc	RoomLocEnum		
room_moist_dam_hist	integer		
room_net_area	string	^[1-9][0-9]* ([^\s-]{1,2}|[^\s-]+.+[^\s-]+)$	^{integer} {text}$
room_occup	string	^[1-9][0-9]* ([^\s-]{1,2}|[^\s-]+.+[^\s-]+)$	^{integer} {text}$
room_samp_pos	RoomSampPosEnum		
room_type	string		
room_vol	string	^[1-9][0-9]* ([^\s-]{1,2}|[^\s-]+.+[^\s-]+)$	^{integer} {text}$
room_wall_share	string	^([^\s-]{1,2}|[^\s-]+.+[^\s-]+);[1-9][0-9]*$	^{room_name};{room_number}$
room_window_count	integer		
samp_floor	string	^(?:(?:\d*1[1-3]th|\d*1st|\d*2nd|\d*3rd|\d*[04-9]th) floor|basement|lobby)$	
samp_room_id	integer		
samp_sort_meth	string		
samp_time_out	string		
samp_weather	SampWeatherEnum		
season_use	SeasonUseEnum		
shad_dev_water_mold	MoldVisibilityEnum		
shading_device_cond	DamagedRupturedEnum		
shading_device_loc	ShadingDeviceLocEnum		
shading_device_mat	string		
shading_device_type	ShadingDeviceTypeEnum		
space_typ_state	SpaceTypStateEnum		
specific	SpecificEnum		
specific_humidity	string	^[-+]?[0-9]*\.?[0-9]+(?:[eE][-+]?[0-9]+)?( *- *[-+]?[0-9]*\.?[0-9]+(?:[eE][-+]?[0-9]+)?)? *([^\s-]{1,2}|[^\s-]+.+[^\s-]+)$	^{scientific_float}( *- *{scientific_float})? *{text}$
substructure_type	SubstructureTypeEnum		
surf_air_cont	SurfAirContEnum		
surf_humidity	float	^[-+]?[0-9]*\.?[0-9]+(?:[eE][-+]?[0-9]+)?( *- *[-+]?[0-9]*\.?[0-9]+(?:[eE][-+]?[0-9]+)?)? *([^\s-]{1,2}|[^\s-]+.+[^\s-]+)$	^{scientific_float}( *- *{scientific_float})? *{text}$
surf_material	SurfMaterialEnum		
surf_moisture	string	^[-+]?[0-9]*\.?[0-9]+(?:[eE][-+]?[0-9]+)?( *- *[-+]?[0-9]*\.?[0-9]+(?:[eE][-+]?[0-9]+)?)? *([^\s-]{1,2}|[^\s-]+.+[^\s-]+)$	^{scientific_float}( *- *{scientific_float})? *{text}$
surf_moisture_ph	float		
surf_temp	string	^[-+]?[0-9]*\.?[0-9]+(?:[eE][-+]?[0-9]+)?( *- *[-+]?[0-9]*\.?[0-9]+(?:[eE][-+]?[0-9]+)?)? *([^\s-]{1,2}|[^\s-]+.+[^\s-]+)$	^{scientific_float}( *- *{scientific_float})? *{text}$
temp_out	string	^[-+]?[0-9]*\.?[0-9]+(?:[eE][-+]?[0-9]+)?( *- *[-+]?[0-9]*\.?[0-9]+(?:[eE][-+]?[0-9]+)?)? *([^\s-]{1,2}|[^\s-]+.+[^\s-]+)$	^{scientific_float}( *- *{scientific_float})? *{text}$
train_line	TrainLineEnum		
train_stat_loc	TrainStatLocEnum		
train_stop_loc	TrainStopLocEnum		
typ_occup_density	float		
vis_media	string		
wall_area	string	^[-+]?[0-9]*\.?[0-9]+(?:[eE][-+]?[0-9]+)?( *- *[-+]?[0-9]*\.?[0-9]+(?:[eE][-+]?[0-9]+)?)? *([^\s-]{1,2}|[^\s-]+.+[^\s-]+)$	^{scientific_float}( *- *{scientific_float})? *{text}$
wall_const_type	WallConstTypeEnum		
wall_finish_mat	WallFinishMatEnum		
wall_height	string	^[-+]?[0-9]*\.?[0-9]+(?:[eE][-+]?[0-9]+)?( *- *[-+]?[0-9]*\.?[0-9]+(?:[eE][-+]?[0-9]+)?)? *([^\s-]{1,2}|[^\s-]+.+[^\s-]+)$	^{scientific_float}( *- *{scientific_float})? *{text}$
wall_loc	CompassDirections8Enum		
wall_surf_treatment	WallSurfTreatmentEnum		
wall_texture	CeilingWallTextureEnum		
wall_thermal_mass	string	^[-+]?[0-9]*\.?[0-9]+(?:[eE][-+]?[0-9]+)?( *- *[-+]?[0-9]*\.?[0-9]+(?:[eE][-+]?[0-9]+)?)? *([^\s-]{1,2}|[^\s-]+.+[^\s-]+)$	^{scientific_float}( *- *{scientific_float})? *{text}$
wall_water_mold	MoldVisibilityEnum		
water_feat_size	string	^[-+]?[0-9]*\.?[0-9]+(?:[eE][-+]?[0-9]+)?( *- *[-+]?[0-9]*\.?[0-9]+(?:[eE][-+]?[0-9]+)?)? *([^\s-]{1,2}|[^\s-]+.+[^\s-]+)$	^{scientific_float}( *- *{scientific_float})? *{text}$
water_feat_type	WaterFeatTypeEnum		
weekday	WeekdayEnum		
window_cond	DamagedRupturedEnum		
window_cover	WindowCoverEnum		
window_horiz_pos	WindowHorizPosEnum		
window_loc	CompassDirections8Enum		
window_mat	WindowMatEnum		
window_open_freq	integer		
window_size	string		
window_status	WindowStatusEnum		
window_type	WindowTypeEnum		
window_vert_pos	WindowVertPosEnum		
window_water_mold	MoldVisibilityEnum		
HACCP_term	string	^([^\s-]{1,2}|[^\s-]+.+[^\s-]+) \[[a-zA-Z]{2,}:[a-zA-Z0-9]\d+\]$	^{termLabel} \[{termID}\]$
IFSAC_category	string		
animal_am	string		
animal_am_dur	string		^{float} days$
animal_am_freq	float	^[-+]?[0-9]*\.?[0-9]+(?:[eE][-+]?[0-9]+)?( *- *[-+]?[0-9]*\.?[0-9]+(?:[eE][-+]?[0-9]+)?)? *([^\s-]{1,2}|[^\s-]+.+[^\s-]+)$	^{scientific_float}( *- *{scientific_float})? *{text}$
animal_am_route	string		
animal_am_use	string		
animal_body_cond	AnimalBodyCondEnum		
animal_diet	string		
animal_feed_equip	string		^{termLabel} \[{termID}\]$
animal_group_size	integer		
animal_housing	string	^([^\s-]{1,2}|[^\s-]+.+[^\s-]+) \[[a-zA-Z]{2,}:[a-zA-Z0-9]\d+\]$	^{termLabel} \[{termID}\]$
animal_sex	AnimalSexEnum		
bacterial_density	string	^[-+]?[0-9]*\.?[0-9]+(?:[eE][-+]?[0-9]+)?( *- *[-+]?[0-9]*\.?[0-9]+(?:[eE][-+]?[0-9]+)?)? *([^\s-]{1,2}|[^\s-]+.+[^\s-]+)$	^{scientific_float}( *- *{scientific_float})? *{text}$
coll_site_geo_feat	string		
collection_date	datetime		
cons_food_stor_dur	string	^P(?:(?:\d+D|\d+M(?:\d+D)?|\d+Y(?:\d+M(?:\d+D)?)?)(?:T(?:\d+H(?:\d+M(?:\d+S)?)?|\d+M(?:\d+S)?|\d+S))?|T(?:\d+H(?:\d+M(?:\d+S)?)?|\d+M(?:\d+S)?|\d+S)|\d+W)$	^{duration}$
cons_food_stor_temp	string		
cons_purch_date	datetime		
cons_qty_purchased	string	^[1-9][0-9]* ([^\s-]{1,2}|[^\s-]+.+[^\s-]+)$	^{integer} {text}$
cult_result	CultResultEnum		
cult_result_org	string	^(([^\s-]{1,2}|[^\s-]+.+[^\s-]+) \[[a-zA-Z]{2,}:[a-zA-Z0-9]\d+\])|[1-9][0-9]*$	^({termLabel} \[{termID}\])|{integer}$
cult_target	string		
experimental_factor	string	^\S+.*\S+ \[[a-zA-Z]{2,}:\d+\]$	
food_additive	string		
food_contact_surf	string		
food_contain_wrap	string		
food_cooking_proc	string		
food_dis_point	string	^([^\s-]{1,2}|[^\s-]+.+[^\s-]+): ([^\s-]{1,2}|[^\s-]+.+[^\s-]+), ([^\s-]{1,2}|[^\s-]+.+[^\s-]+)$	^{text}: {text}, {text}$
food_dis_point_city	string		
food_ingredient	string		
food_origin	string	^([^\s-]{1,2}|[^\s-]+.+[^\s-]+): ([^\s-]{1,2}|[^\s-]+.+[^\s-]+), ([^\s-]{1,2}|[^\s-]+.+[^\s-]+)$	^{text}: {text}, {text}$
food_pack_capacity	string	^[-+]?[0-9]*\.?[0-9]+(?:[eE][-+]?[0-9]+)?( *- *[-+]?[0-9]*\.?[0-9]+(?:[eE][-+]?[0-9]+)?)? *([^\s-]{1,2}|[^\s-]+.+[^\s-]+)$	^{scientific_float}( *- *{scientific_float})? *{text}$
food_pack_integrity	string		
food_pack_medium	string		
food_preserv_proc	string		
food_prior_contact	string		
food_prod_synonym	string		
food_product_qual	string	^([^\s-]{1,2}|[^\s-]+.+[^\s-]+) \[[a-zA-Z]{2,}:[a-zA-Z0-9]\d+\]$	^{termLabel} \[{termID}\]$
food_quality_date	string		
food_source_age	string	^[-+]?[0-9]*\.?[0-9]+(?:[eE][-+]?[0-9]+)?( *- *[-+]?[0-9]*\.?[0-9]+(?:[eE][-+]?[0-9]+)?)? *([^\s-]{1,2}|[^\s-]+.+[^\s-]+)$	^{scientific_float}( *- *{scientific_float})? *{text}$
food_trace_list	FoodTraceListEnum		
food_treat_proc	string		
geo_loc_name	string	^([^\s-]{1,2}|[^\s-]+.+[^\s-]+): ([^\s-]{1,2}|[^\s-]+.+[^\s-]+), ([^\s-]{1,2}|[^\s-]+.+[^\s-]+)$	^{text}: {text}, {text}$
intended_consumer	string		
lat_lon	string	^(-?((?:[0-8]?[0-9](?:\.\d{0,8})?)|90)) -?[0-9]+(?:\.[0-9]{0,8})?$|^-?(1[0-7]{1,2})$	^{lat} {lon}$
microb_cult_med	string	^([^\s-]{1,2}|[^\s-]+.+[^\s-]+)|(([^\s-]{1,2}|[^\s-]+.+[^\s-]+) \[[a-zA-Z]{2,}:[a-zA-Z0-9]\d+\])$	^{text}|({termLabel} \[{termID}\])$
part_plant_animal	string		
repository_name	string		
samp_purpose	string		
samp_rep_biol	string	^[-+]?[0-9]*\.?[0-9]+(?:[eE][-+]?[0-9]+)?( *- *[-+]?[0-9]*\.?[0-9]+(?:[eE][-+]?[0-9]+)?)? *([^\s-]{1,2}|[^\s-]+.+[^\s-]+)$	^{scientific_float}( *- *{scientific_float})? *{text}$
samp_rep_tech	string	^[-+]?[0-9]*\.?[0-9]+(?:[eE][-+]?[0-9]+)?( *- *[-+]?[0-9]*\.?[0-9]+(?:[eE][-+]?[0-9]+)?)? *([^\s-]{1,2}|[^\s-]+.+[^\s-]+)$	^{scientific_float}( *- *{scientific_float})? *{text}$
samp_source_mat_cat	string		
samp_stor_device	string		
samp_stor_media	string	^([^\s-]{1,2}|[^\s-]+.+[^\s-]+)|(([^\s-]{1,2}|[^\s-]+.+[^\s-]+) \[[a-zA-Z]{2,}:[a-zA-Z0-9]\d+\])$	^{text}|({termLabel} \[{termID}\])$
samp_transport_cont	SampTransportContEnum		
samp_transport_dur	string	^P(?:(?:\d+D|\d+M(?:\d+D)?|\d+Y(?:\d+M(?:\d+D)?)?)(?:T(?:\d+H(?:\d+M(?:\d+S)?)?|\d+M(?:\d+S)?|\d+S))?|T(?:\d+H(?:\d+M(?:\d+S)?)?|\d+M(?:\d+S)?|\d+S)|\d+W)$	^{duration}$
samp_transport_temp	string		
sequencing_kit	string		
serovar_or_serotype	string	^(([^\s-]{1,2}|[^\s-]+.+[^\s-]+) \[[a-zA-Z]{2,}:[a-zA-Z0-9]\d+\])|[1-9][0-9]*$	^({termLabel} \[{termID}\])|{integer}$
spikein_AMR	string		
spikein_antibiotic	string		
spikein_count	string		
spikein_growth_med	string	^([^\s-]{1,2}|[^\s-]+.+[^\s-]+)|(([^\s-]{1,2}|[^\s-]+.+[^\s-]+) \[[a-zA-Z]{2,}:[a-zA-Z0-9]\d+\])$	^{text}|({termLabel} \[{termID}\])$
spikein_metal	string		
spikein_org	string	^(([^\s-]{1,2}|[^\s-]+.+[^\s-]+) \[[a-zA-Z]{2,}:[a-zA-Z0-9]\d+\])|[1-9][0-9]*$	^({termLabel} \[{termID}\])|{integer}$
spikein_serovar	string		
study_design	string		
study_inc_dur	string	^P(?:(?:\d+D|\d+M(?:\d+D)?|\d+Y(?:\d+M(?:\d+D)?)?)(?:T(?:\d+H(?:\d+M(?:\d+S)?)?|\d+M(?:\d+S)?|\d+S))?|T(?:\d+H(?:\d+M(?:\d+S)?)?|\d+M(?:\d+S)?|\d+S)|\d+W)$	^{duration}$
study_inc_temp	string	^[-+]?[0-9]*\.?[0-9]+(?:[eE][-+]?[0-9]+)?( *- *[-+]?[0-9]*\.?[0-9]+(?:[eE][-+]?[0-9]+)?)? *([^\s-]{1,2}|[^\s-]+.+[^\s-]+)$	^{scientific_float}( *- *{scientific_float})? *{text}$
study_timecourse	string	^[-+]?[0-9]*\.?[0-9]+(?:[eE][-+]?[0-9]+)?( *- *[-+]?[0-9]*\.?[0-9]+(?:[eE][-+]?[0-9]+)?)? *([^\s-]{1,2}|[^\s-]+.+[^\s-]+)$	^{scientific_float}( *- *{scientific_float})? *{text}$
study_tmnt	string		
timepoint	string	^P(?:(?:\d+D|\d+M(?:\d+D)?|\d+Y(?:\d+M(?:\d+D)?)?)(?:T(?:\d+H(?:\d+M(?:\d+S)?)?|\d+M(?:\d+S)?|\d+S))?|T(?:\d+H(?:\d+M(?:\d+S)?)?|\d+M(?:\d+S)?|\d+S)|\d+W)$	^{duration}$
air_flow_impede	string		
animal_intrusion	string	^(([^\s-]{1,2}|[^\s-]+.+[^\s-]+) \[[a-zA-Z]{2,}:[a-zA-Z0-9]\d+\])|[1-9][0-9]*$	^({termLabel} \[{termID}\])|{integer}$
biotic_regm	string		
conduc	string	^[-+]?[0-9]*\.?[0-9]+(?:[eE][-+]?[0-9]+)?( *- *[-+]?[0-9]*\.?[0-9]+(?:[eE][-+]?[0-9]+)?)? *([^\s-]{1,2}|[^\s-]+.+[^\s-]+)$	^{scientific_float}( *- *{scientific_float})? *{text}$
date_extr_weath	datetime		
extr_weather_event	ExtrWeatherEventEnum		
farm_equip_san_freq	string		
fertilizer_date	datetime		
food_clean_proc	FoodCleanProcEnum		
food_prod_char	string		
growth_habit	GrowthHabitEnum		
growth_medium	string		
mechanical_damage	string		
ph	float		
plant_part_maturity	string		
plant_reprod_crop	PlantReprodCropEnum		
prod_label_claims	string		
root_cond	string	^^PMID:\d+$|^doi:10.\d{2,9}/.*$|^https?:\/\/(?:www\.)?[-a-zA-Z0-9@:%._\+~#=]{1,256}\.[a-zA-Z0-9()]{1,6}\b(?:[-a-zA-Z0-9()@:%_\+.~#?&\/=]*)$|([^\s-]{1,2}|[^\s-]+.+[^\s-]+)$	^{PMID}|{DOI}|{URL}|{text}$
root_med_micronutr	string		
samp_type	string	^([^\s-]{1,2}|[^\s-]+.+[^\s-]+) \[[a-zA-Z]{2,}:[a-zA-Z0-9]\d+\]$	^{termLabel} \[{termID}\]$
soil_porosity	string		
soil_texture_class	SoilTextureClassEnum		
turbidity	string	^[-+]?[0-9]*\.?[0-9]+(?:[eE][-+]?[0-9]+)?( *- *[-+]?[0-9]*\.?[0-9]+(?:[eE][-+]?[0-9]+)?)? *([^\s-]{1,2}|[^\s-]+.+[^\s-]+)$	^{scientific_float}( *- *{scientific_float})? *{text}$
water_frequency	string		
water_source_adjac	string		
area_samp_size	string		
biocide_used	string		
dietary_claim_use	string		
env_monitoring_zone	string		
facility_type	FacilityTypeEnum		
food_allergen_label	string		
food_name_status	string	^([^\s-]{1,2}|[^\s-]+.+[^\s-]+) \[[a-zA-Z]{2,}:[a-zA-Z0-9]\d+\]$	^{termLabel} \[{termID}\]$
hygienic_area	string		
nucl_acid_ext_kit	string		
num_samp_collect	string	^[-+]?[0-9]*\.?[0-9]+(?:[eE][-+]?[0-9]+)?( *- *[-+]?[0-9]*\.?[0-9]+(?:[eE][-+]?[0-9]+)?)? *([^\s-]{1,2}|[^\s-]+.+[^\s-]+)$	^{scientific_float}( *- *{scientific_float})? *{text}$
samp_loc_condition	SampLocConditionEnum		
samp_surf_moisture	SampSurfMoistureEnum		
spec_intended_cons	string	^([^\s-]{1,2}|[^\s-]+.+[^\s-]+) \[[a-zA-Z]{2,}:[a-zA-Z0-9]\d+\]$	^{termLabel} \[{termID}\]$
ster_meth_samp_room	string		
subspecf_gen_lin	string		
ferm_chem_add	string		
ferm_chem_add_perc	float		
ferm_headspace_oxy	float		
ferm_medium	string		
ferm_pH	float		
ferm_rel_humidity	string	^[-+]?[0-9]*\.?[0-9]+(?:[eE][-+]?[0-9]+)?( *- *[-+]?[0-9]*\.?[0-9]+(?:[eE][-+]?[0-9]+)?)? *([^\s-]{1,2}|[^\s-]+.+[^\s-]+)$	^{scientific_float}( *- *{scientific_float})? *{text}$
ferm_temp	string	^[-+]?[0-9]*\.?[0-9]+(?:[eE][-+]?[0-9]+)?( *- *[-+]?[0-9]*\.?[0-9]+(?:[eE][-+]?[0-9]+)?)? *([^\s-]{1,2}|[^\s-]+.+[^\s-]+)$	^{scientific_float}( *- *{scientific_float})? *{text}$
ferm_time	string	^P(?:(?:\d+D|\d+M(?:\d+D)?|\d+Y(?:\d+M(?:\d+D)?)?)(?:T(?:\d+H(?:\d+M(?:\d+S)?)?|\d+M(?:\d+S)?|\d+S))?|T(?:\d+H(?:\d+M(?:\d+S)?)?|\d+M(?:\d+S)?|\d+S)|\d+W)$	^{duration}$
ferm_vessel	string		
microb_start	string		
microb_start_count	string		
microb_start_inoc	string	^[-+]?[0-9]*\.?[0-9]+(?:[eE][-+]?[0-9]+)?( *- *[-+]?[0-9]*\.?[0-9]+(?:[eE][-+]?[0-9]+)?)? *([^\s-]{1,2}|[^\s-]+.+[^\s-]+)$	^{scientific_float}( *- *{scientific_float})? *{text}$
microb_start_prep	string		
microb_start_source	string		
microb_start_taxID	string	^(([^\s-]{1,2}|[^\s-]+.+[^\s-]+) \[[a-zA-Z]{2,}:[a-zA-Z0-9]\d+\])|[1-9][0-9]*$	^({termLabel} \[{termID}\])|{integer}$
biol_stat	BiolStatEnum		
blood_press_diast	string	^[-+]?[0-9]*\.?[0-9]+(?:[eE][-+]?[0-9]+)?( *- *[-+]?[0-9]*\.?[0-9]+(?:[eE][-+]?[0-9]+)?)? *([^\s-]{1,2}|[^\s-]+.+[^\s-]+)$	^{scientific_float}( *- *{scientific_float})? *{text}$
blood_press_syst	string	^[-+]?[0-9]*\.?[0-9]+(?:[eE][-+]?[0-9]+)?( *- *[-+]?[0-9]*\.?[0-9]+(?:[eE][-+]?[0-9]+)?)? *([^\s-]{1,2}|[^\s-]+.+[^\s-]+)$	^{scientific_float}( *- *{scientific_float})? *{text}$
gravidity	string		
host_body_habitat	string		
host_body_product	string		
host_body_site	string		
host_body_temp	string	^[-+]?[0-9]*\.?[0-9]+(?:[eE][-+]?[0-9]+)?( *- *[-+]?[0-9]*\.?[0-9]+(?:[eE][-+]?[0-9]+)?)? *([^\s-]{1,2}|[^\s-]+.+[^\s-]+)$	^{scientific_float}( *- *{scientific_float})? *{text}$
host_color	string		
host_diet	string		
host_fam_rel	string		
host_growth_cond	string	^^PMID:\d+$|^doi:10.\d{2,9}/.*$|^https?:\/\/(?:www\.)?[-a-zA-Z0-9@:%._\+~#=]{1,256}\.[a-zA-Z0-9()]{1,6}\b(?:[-a-zA-Z0-9()@:%_\+.~#?&\/=]*)$|([^\s-]{1,2}|[^\s-]+.+[^\s-]+)$	^{PMID}|{DOI}|{URL}|{text}$
host_last_meal	string		
host_sex	string		
host_shape	string		
host_subject_id	string		
host_substrate	string		
samp_capt_status	SampCaptStatusEnum		
samp_dis_stage	SampDisStageEnum		
amniotic_fluid_color	string		
blood_blood_disord	string		
diet_last_six_month	string		
drug_usage	string		
ethnicity	string		
foetal_health_stat	string		
gestation_state	string		
host_body_mass_index	string	^[-+]?[0-9]*\.?[0-9]+(?:[eE][-+]?[0-9]+)?( *- *[-+]?[0-9]*\.?[0-9]+(?:[eE][-+]?[0-9]+)?)? *([^\s-]{1,2}|[^\s-]+.+[^\s-]+)$	^{scientific_float}( *- *{scientific_float})? *{text}$
host_hiv_stat	string		
host_occupation	string		
host_pulse	string	^[-+]?[0-9]*\.?[0-9]+(?:[eE][-+]?[0-9]+)?( *- *[-+]?[0-9]*\.?[0-9]+(?:[eE][-+]?[0-9]+)?)? *([^\s-]{1,2}|[^\s-]+.+[^\s-]+)$	^{scientific_float}( *- *{scientific_float})? *{text}$
ihmc_medication_code	integer		
kidney_disord	string		
maternal_health_stat	string		
medic_hist_perform	boolean		
nose_throat_disord	string		
pet_farm_animal	string		
pulmonary_disord	string		
smoker	boolean		
study_complt_stat	string		^{boolean};(?:adverse event|non-compliance|lost to follow up|other)$
travel_out_six_month	string		
twin_sibling	boolean		
urine_collect_meth	UrineCollectMethEnum		
urogenit_tract_disor	string		
weight_loss_3_month	string		
gastrointest_disord	string		
liver_disord	string		
special_diet	string		
nose_mouth_teeth_throat_disord	string		
time_last_toothbrush	string	^P(?:(?:\d+D|\d+M(?:\d+D)?|\d+Y(?:\d+M(?:\d+D)?)?)(?:T(?:\d+H(?:\d+M(?:\d+S)?)?|\d+M(?:\d+S)?|\d+S))?|T(?:\d+H(?:\d+M(?:\d+S)?)?|\d+M(?:\d+S)?|\d+S)|\d+W)$	^{duration}$
dermatology_disord	string		
dominant_hand	DominantHandEnum		
time_since_last_wash	string	^P(?:(?:\d+D|\d+M(?:\d+D)?|\d+Y(?:\d+M(?:\d+D)?)?)(?:T(?:\d+H(?:\d+M(?:\d+S)?)?|\d+M(?:\d+S)?|\d+S))?|T(?:\d+H(?:\d+M(?:\d+S)?)?|\d+M(?:\d+S)?|\d+S)|\d+W)$	^{duration}$
birth_control	string		
douche	datetime		
gynecologic_disord	string		
hrt	datetime		
hysterectomy	boolean		
menarche	datetime		
menopause	datetime		
pregnancy	datetime		
sexual_act	string		
urogenit_disord	string		
additional_info	string		
alkalinity	string	^[-+]?[0-9]*\.?[0-9]+(?:[eE][-+]?[0-9]+)?( *- *[-+]?[0-9]*\.?[0-9]+(?:[eE][-+]?[0-9]+)?)? *([^\s-]{1,2}|[^\s-]+.+[^\s-]+)$	^{scientific_float}( *- *{scientific_float})? *{text}$
alkalinity_method	string		
ammonium	string	^[-+]?[0-9]*\.?[0-9]+(?:[eE][-+]?[0-9]+)?( *- *[-+]?[0-9]*\.?[0-9]+(?:[eE][-+]?[0-9]+)?)? *([^\s-]{1,2}|[^\s-]+.+[^\s-]+)$	^{scientific_float}( *- *{scientific_float})? *{text}$
api	string	^[-+]?[0-9]*\.?[0-9]+(?:[eE][-+]?[0-9]+)?( *- *[-+]?[0-9]*\.?[0-9]+(?:[eE][-+]?[0-9]+)?)? *([^\s-]{1,2}|[^\s-]+.+[^\s-]+)$	^{scientific_float}( *- *{scientific_float})? *{text}$
aromatics_pc	string	^([^\s-]{1,2}|[^\s-]+.+[^\s-]+);[-+]?[0-9]*\.?[0-9]+ ([^\s-]{1,2}|[^\s-]+.+[^\s-]+)$	^{name};{float} {unit}$
asphaltenes_pc	string	^([^\s-]{1,2}|[^\s-]+.+[^\s-]+);[-+]?[0-9]*\.?[0-9]+ ([^\s-]{1,2}|[^\s-]+.+[^\s-]+)$	^{name};{float} {unit}$
basin	string		
benzene	string	^[-+]?[0-9]*\.?[0-9]+(?:[eE][-+]?[0-9]+)?( *- *[-+]?[0-9]*\.?[0-9]+(?:[eE][-+]?[0-9]+)?)? *([^\s-]{1,2}|[^\s-]+.+[^\s-]+)$	^{scientific_float}( *- *{scientific_float})? *{text}$
calcium	string	^[-+]?[0-9]*\.?[0-9]+(?:[eE][-+]?[0-9]+)?( *- *[-+]?[0-9]*\.?[0-9]+(?:[eE][-+]?[0-9]+)?)? *([^\s-]{1,2}|[^\s-]+.+[^\s-]+)$	^{scientific_float}( *- *{scientific_float})? *{text}$
chloride	string	^[-+]?[0-9]*\.?[0-9]+(?:[eE][-+]?[0-9]+)?( *- *[-+]?[0-9]*\.?[0-9]+(?:[eE][-+]?[0-9]+)?)? *([^\s-]{1,2}|[^\s-]+.+[^\s-]+)$	^{scientific_float}( *- *{scientific_float})? *{text}$
density	string	^[-+]?[0-9]*\.?[0-9]+(?:[eE][-+]?[0-9]+)?( *- *[-+]?[0-9]*\.?[0-9]+(?:[eE][-+]?[0-9]+)?)? *([^\s-]{1,2}|[^\s-]+.+[^\s-]+)$	^{scientific_float}( *- *{scientific_float})? *{text}$
depos_env	DeposEnvEnum		
diss_carb_dioxide	string	^[-+]?[0-9]*\.?[0-9]+(?:[eE][-+]?[0-9]+)?( *- *[-+]?[0-9]*\.?[0-9]+(?:[eE][-+]?[0-9]+)?)? *([^\s-]{1,2}|[^\s-]+.+[^\s-]+)$	^{scientific_float}( *- *{scientific_float})? *{text}$
diss_inorg_carb	string	^[-+]?[0-9]*\.?[0-9]+(?:[eE][-+]?[0-9]+)?( *- *[-+]?[0-9]*\.?[0-9]+(?:[eE][-+]?[0-9]+)?)? *([^\s-]{1,2}|[^\s-]+.+[^\s-]+)$	^{scientific_float}( *- *{scientific_float})? *{text}$
diss_inorg_phosp	string	^[-+]?[0-9]*\.?[0-9]+(?:[eE][-+]?[0-9]+)?( *- *[-+]?[0-9]*\.?[0-9]+(?:[eE][-+]?[0-9]+)?)? *([^\s-]{1,2}|[^\s-]+.+[^\s-]+)$	^{scientific_float}( *- *{scientific_float})? *{text}$
diss_iron	string	^[-+]?[0-9]*\.?[0-9]+(?:[eE][-+]?[0-9]+)?( *- *[-+]?[0-9]*\.?[0-9]+(?:[eE][-+]?[0-9]+)?)? *([^\s-]{1,2}|[^\s-]+.+[^\s-]+)$	^{scientific_float}( *- *{scientific_float})? *{text}$
diss_org_carb	string	^[-+]?[0-9]*\.?[0-9]+(?:[eE][-+]?[0-9]+)?( *- *[-+]?[0-9]*\.?[0-9]+(?:[eE][-+]?[0-9]+)?)? *([^\s-]{1,2}|[^\s-]+.+[^\s-]+)$	^{scientific_float}( *- *{scientific_float})? *{text}$
diss_oxygen_fluid	string	^[-+]?[0-9]*\.?[0-9]+(?:[eE][-+]?[0-9]+)?( *- *[-+]?[0-9]*\.?[0-9]+(?:[eE][-+]?[0-9]+)?)? *([^\s-]{1,2}|[^\s-]+.+[^\s-]+)$	^{scientific_float}( *- *{scientific_float})? *{text}$
ethylbenzene	string	^[-+]?[0-9]*\.?[0-9]+(?:[eE][-+]?[0-9]+)?( *- *[-+]?[0-9]*\.?[0-9]+(?:[eE][-+]?[0-9]+)?)? *([^\s-]{1,2}|[^\s-]+.+[^\s-]+)$	^{scientific_float}( *- *{scientific_float})? *{text}$
field	string		
hc_produced	HcProducedEnum		
hcr	HcrEnum		
hcr_fw_salinity	string	^[-+]?[0-9]*\.?[0-9]+(?:[eE][-+]?[0-9]+)?( *- *[-+]?[0-9]*\.?[0-9]+(?:[eE][-+]?[0-9]+)?)? *([^\s-]{1,2}|[^\s-]+.+[^\s-]+)$	^{scientific_float}( *- *{scientific_float})? *{text}$
hcr_geol_age	GeolAgeEnum		
hcr_pressure	string	^[-+]?[0-9]*\.?[0-9]+ *- *[-+]?[0-9]*\.?[0-9]+ ([^\s-]{1,2}|[^\s-]+.+[^\s-]+)$	^{float} *- *{float} {unit}$
hcr_temp	string	^[-+]?[0-9]*\.?[0-9]+ *- *[-+]?[0-9]*\.?[0-9]+ ([^\s-]{1,2}|[^\s-]+.+[^\s-]+)$	^{float} *- *{float} {unit}$
lithology	LithologyEnum		
magnesium	string	^[-+]?[0-9]*\.?[0-9]+(?:[eE][-+]?[0-9]+)?( *- *[-+]?[0-9]*\.?[0-9]+(?:[eE][-+]?[0-9]+)?)? *([^\s-]{1,2}|[^\s-]+.+[^\s-]+)$	^{scientific_float}( *- *{scientific_float})? *{text}$
nitrate	string	^[-+]?[0-9]*\.?[0-9]+(?:[eE][-+]?[0-9]+)?( *- *[-+]?[0-9]*\.?[0-9]+(?:[eE][-+]?[0-9]+)?)? *([^\s-]{1,2}|[^\s-]+.+[^\s-]+)$	^{scientific_float}( *- *{scientific_float})? *{text}$
nitrite	string	^[-+]?[0-9]*\.?[0-9]+(?:[eE][-+]?[0-9]+)?( *- *[-+]?[0-9]*\.?[0-9]+(?:[eE][-+]?[0-9]+)?)? *([^\s-]{1,2}|[^\s-]+.+[^\s-]+)$	^{scientific_float}( *- *{scientific_float})? *{text}$
org_count_qpcr_info	string		
owc_tvdss	string	^[-+]?[0-9]*\.?[0-9]+(?:[eE][-+]?[0-9]+)?( *- *[-+]?[0-9]*\.?[0-9]+(?:[eE][-+]?[0-9]+)?)? *([^\s-]{1,2}|[^\s-]+.+[^\s-]+)$	^{scientific_float}( *- *{scientific_float})? *{text}$
permeability	string		
potassium	string	^[-+]?[0-9]*\.?[0-9]+(?:[eE][-+]?[0-9]+)?( *- *[-+]?[0-9]*\.?[0-9]+(?:[eE][-+]?[0-9]+)?)? *([^\s-]{1,2}|[^\s-]+.+[^\s-]+)$	^{scientific_float}( *- *{scientific_float})? *{text}$
pour_point	string	^[-+]?[0-9]*\.?[0-9]+(?:[eE][-+]?[0-9]+)?( *- *[-+]?[0-9]*\.?[0-9]+(?:[eE][-+]?[0-9]+)?)? *([^\s-]{1,2}|[^\s-]+.+[^\s-]+)$	^{scientific_float}( *- *{scientific_float})? *{text}$
pressure	string	^[-+]?[0-9]*\.?[0-9]+(?:[eE][-+]?[0-9]+)?( *- *[-+]?[0-9]*\.?[0-9]+(?:[eE][-+]?[0-9]+)?)? *([^\s-]{1,2}|[^\s-]+.+[^\s-]+)$	^{scientific_float}( *- *{scientific_float})? *{text}$
reservoir	string		
resins_pc	string	^([^\s-]{1,2}|[^\s-]+.+[^\s-]+);[-+]?[0-9]*\.?[0-9]+ ([^\s-]{1,2}|[^\s-]+.+[^\s-]+)$	^{name};{float} {unit}$
samp_md	string		
samp_subtype	SampSubtypeEnum		
samp_transport_cond	string		
samp_tvdss	string		
samp_well_name	string		
saturates_pc	string	^([^\s-]{1,2}|[^\s-]+.+[^\s-]+);[-+]?[0-9]*\.?[0-9]+ ([^\s-]{1,2}|[^\s-]+.+[^\s-]+)$	^{name};{float} {unit}$
sodium	string	^[-+]?[0-9]*\.?[0-9]+(?:[eE][-+]?[0-9]+)?( *- *[-+]?[0-9]*\.?[0-9]+(?:[eE][-+]?[0-9]+)?)? *([^\s-]{1,2}|[^\s-]+.+[^\s-]+)$	^{scientific_float}( *- *{scientific_float})? *{text}$
sr_dep_env	SrDepEnvEnum		
sr_geol_age	GeolAgeEnum		
sr_kerog_type	SrKerogTypeEnum		
sr_lithology	SrLithologyEnum		
sulfate	string	^[-+]?[0-9]*\.?[0-9]+(?:[eE][-+]?[0-9]+)?( *- *[-+]?[0-9]*\.?[0-9]+(?:[eE][-+]?[0-9]+)?)? *([^\s-]{1,2}|[^\s-]+.+[^\s-]+)$	^{scientific_float}( *- *{scientific_float})? *{text}$
sulfate_fw	string	^[-+]?[0-9]*\.?[0-9]+(?:[eE][-+]?[0-9]+)?( *- *[-+]?[0-9]*\.?[0-9]+(?:[eE][-+]?[0-9]+)?)? *([^\s-]{1,2}|[^\s-]+.+[^\s-]+)$	^{scientific_float}( *- *{scientific_float})? *{text}$
sulfide	string	^[-+]?[0-9]*\.?[0-9]+(?:[eE][-+]?[0-9]+)?( *- *[-+]?[0-9]*\.?[0-9]+(?:[eE][-+]?[0-9]+)?)? *([^\s-]{1,2}|[^\s-]+.+[^\s-]+)$	^{scientific_float}( *- *{scientific_float})? *{text}$
suspend_solids	string		
tan	string	^[-+]?[0-9]*\.?[0-9]+(?:[eE][-+]?[0-9]+)?( *- *[-+]?[0-9]*\.?[0-9]+(?:[eE][-+]?[0-9]+)?)? *([^\s-]{1,2}|[^\s-]+.+[^\s-]+)$	^{scientific_float}( *- *{scientific_float})? *{text}$
toluene	string	^[-+]?[0-9]*\.?[0-9]+(?:[eE][-+]?[0-9]+)?( *- *[-+]?[0-9]*\.?[0-9]+(?:[eE][-+]?[0-9]+)?)? *([^\s-]{1,2}|[^\s-]+.+[^\s-]+)$	^{scientific_float}( *- *{scientific_float})? *{text}$
tot_iron	string	^[-+]?[0-9]*\.?[0-9]+(?:[eE][-+]?[0-9]+)?( *- *[-+]?[0-9]*\.?[0-9]+(?:[eE][-+]?[0-9]+)?)? *([^\s-]{1,2}|[^\s-]+.+[^\s-]+)$	^{scientific_float}( *- *{scientific_float})? *{text}$
tot_nitro	string	^[-+]?[0-9]*\.?[0-9]+(?:[eE][-+]?[0-9]+)?( *- *[-+]?[0-9]*\.?[0-9]+(?:[eE][-+]?[0-9]+)?)? *([^\s-]{1,2}|[^\s-]+.+[^\s-]+)$	^{scientific_float}( *- *{scientific_float})? *{text}$
tot_phosp	string	^[-+]?[0-9]*\.?[0-9]+(?:[eE][-+]?[0-9]+)?( *- *[-+]?[0-9]*\.?[0-9]+(?:[eE][-+]?[0-9]+)?)? *([^\s-]{1,2}|[^\s-]+.+[^\s-]+)$	^{scientific_float}( *- *{scientific_float})? *{text}$
tot_sulfur	string	^[-+]?[0-9]*\.?[0-9]+(?:[eE][-+]?[0-9]+)?( *- *[-+]?[0-9]*\.?[0-9]+(?:[eE][-+]?[0-9]+)?)? *([^\s-]{1,2}|[^\s-]+.+[^\s-]+)$	^{scientific_float}( *- *{scientific_float})? *{text}$
tvdss_of_hcr_press	string	^[-+]?[0-9]*\.?[0-9]+(?:[eE][-+]?[0-9]+)?( *- *[-+]?[0-9]*\.?[0-9]+(?:[eE][-+]?[0-9]+)?)? *([^\s-]{1,2}|[^\s-]+.+[^\s-]+)$	^{scientific_float}( *- *{scientific_float})? *{text}$
tvdss_of_hcr_temp	string	^[-+]?[0-9]*\.?[0-9]+(?:[eE][-+]?[0-9]+)?( *- *[-+]?[0-9]*\.?[0-9]+(?:[eE][-+]?[0-9]+)?)? *([^\s-]{1,2}|[^\s-]+.+[^\s-]+)$	^{scientific_float}( *- *{scientific_float})? *{text}$
vfa	string	^[-+]?[0-9]*\.?[0-9]+(?:[eE][-+]?[0-9]+)?( *- *[-+]?[0-9]*\.?[0-9]+(?:[eE][-+]?[0-9]+)?)? *([^\s-]{1,2}|[^\s-]+.+[^\s-]+)$	^{scientific_float}( *- *{scientific_float})? *{text}$
vfa_fw	string	^[-+]?[0-9]*\.?[0-9]+(?:[eE][-+]?[0-9]+)?( *- *[-+]?[0-9]*\.?[0-9]+(?:[eE][-+]?[0-9]+)?)? *([^\s-]{1,2}|[^\s-]+.+[^\s-]+)$	^{scientific_float}( *- *{scientific_float})? *{text}$
viscosity	string		
win	string		
xylene	string	^[-+]?[0-9]*\.?[0-9]+(?:[eE][-+]?[0-9]+)?( *- *[-+]?[0-9]*\.?[0-9]+(?:[eE][-+]?[0-9]+)?)? *([^\s-]{1,2}|[^\s-]+.+[^\s-]+)$	^{scientific_float}( *- *{scientific_float})? *{text}$
add_recov_method	string		^({add_recov_methods});{date_time_stamp}$
biocide	string		
biocide_admin_method	string		
chem_treat_method	string		
chem_treatment	string		
iw_bt_date_well	datetime		
iwf	float	^[-+]?[0-9]*\.?[0-9]+(?:[eE][-+]?[0-9]+)?( *- *[-+]?[0-9]*\.?[0-9]+(?:[eE][-+]?[0-9]+)?)? *([^\s-]{1,2}|[^\s-]+.+[^\s-]+)$	^{scientific_float}( *- *{scientific_float})? *{text}$
prod_rate	string	^[-+]?[0-9]*\.?[0-9]+(?:[eE][-+]?[0-9]+)?( *- *[-+]?[0-9]*\.?[0-9]+(?:[eE][-+]?[0-9]+)?)? *([^\s-]{1,2}|[^\s-]+.+[^\s-]+)$	^{scientific_float}( *- *{scientific_float})? *{text}$
prod_start_date	datetime		
samp_collect_point	SampCollectPointEnum		
samp_loc_corr_rate	string	^[-+]?[0-9]*\.?[0-9]+ *- *[-+]?[0-9]*\.?[0-9]+ ([^\s-]{1,2}|[^\s-]+.+[^\s-]+)$	^{float} *- *{float} {unit}$
samp_preserv	string	^([^\s-]{1,2}|[^\s-]+.+[^\s-]+);[-+]?[0-9]*\.?[0-9]+ ([^\s-]{1,2}|[^\s-]+.+[^\s-]+)$	^{name};{float} {unit}$
water_cut	string	^[-+]?[0-9]*\.?[0-9]+(?:[eE][-+]?[0-9]+)?( *- *[-+]?[0-9]*\.?[0-9]+(?:[eE][-+]?[0-9]+)?)? *([^\s-]{1,2}|[^\s-]+.+[^\s-]+)$	^{scientific_float}( *- *{scientific_float})? *{text}$
water_prod_rate	string	^[-+]?[0-9]*\.?[0-9]+(?:[eE][-+]?[0-9]+)?( *- *[-+]?[0-9]*\.?[0-9]+(?:[eE][-+]?[0-9]+)?)? *([^\s-]{1,2}|[^\s-]+.+[^\s-]+)$	^{scientific_float}( *- *{scientific_float})? *{text}$
alkyl_diethers	string	^[-+]?[0-9]*\.?[0-9]+(?:[eE][-+]?[0-9]+)?( *- *[-+]?[0-9]*\.?[0-9]+(?:[eE][-+]?[0-9]+)?)? *([^\s-]{1,2}|[^\s-]+.+[^\s-]+)$	^{scientific_float}( *- *{scientific_float})? *{text}$
aminopept_act	string	^[-+]?[0-9]*\.?[0-9]+(?:[eE][-+]?[0-9]+)?( *- *[-+]?[0-9]*\.?[0-9]+(?:[eE][-+]?[0-9]+)?)? *([^\s-]{1,2}|[^\s-]+.+[^\s-]+)$	^{scientific_float}( *- *{scientific_float})? *{text}$
bacteria_carb_prod	string	^[-+]?[0-9]*\.?[0-9]+(?:[eE][-+]?[0-9]+)?( *- *[-+]?[0-9]*\.?[0-9]+(?:[eE][-+]?[0-9]+)?)? *([^\s-]{1,2}|[^\s-]+.+[^\s-]+)$	^{scientific_float}( *- *{scientific_float})? *{text}$
biomass	string		
bishomohopanol	string	^[-+]?[0-9]*\.?[0-9]+(?:[eE][-+]?[0-9]+)?( *- *[-+]?[0-9]*\.?[0-9]+(?:[eE][-+]?[0-9]+)?)? *([^\s-]{1,2}|[^\s-]+.+[^\s-]+)$	^{scientific_float}( *- *{scientific_float})? *{text}$
bromide	string	^[-+]?[0-9]*\.?[0-9]+(?:[eE][-+]?[0-9]+)?( *- *[-+]?[0-9]*\.?[0-9]+(?:[eE][-+]?[0-9]+)?)? *([^\s-]{1,2}|[^\s-]+.+[^\s-]+)$	^{scientific_float}( *- *{scientific_float})? *{text}$
carb_nitro_ratio	float		
chlorophyll	string	^[-+]?[0-9]*\.?[0-9]+(?:[eE][-+]?[0-9]+)?( *- *[-+]?[0-9]*\.?[0-9]+(?:[eE][-+]?[0-9]+)?)? *([^\s-]{1,2}|[^\s-]+.+[^\s-]+)$	^{scientific_float}( *- *{scientific_float})? *{text}$
diether_lipids	string		
diss_hydrogen	string	^[-+]?[0-9]*\.?[0-9]+(?:[eE][-+]?[0-9]+)?( *- *[-+]?[0-9]*\.?[0-9]+(?:[eE][-+]?[0-9]+)?)? *([^\s-]{1,2}|[^\s-]+.+[^\s-]+)$	^{scientific_float}( *- *{scientific_float})? *{text}$
diss_org_nitro	string	^[-+]?[0-9]*\.?[0-9]+(?:[eE][-+]?[0-9]+)?( *- *[-+]?[0-9]*\.?[0-9]+(?:[eE][-+]?[0-9]+)?)? *([^\s-]{1,2}|[^\s-]+.+[^\s-]+)$	^{scientific_float}( *- *{scientific_float})? *{text}$
diss_oxygen	string	^[-+]?[0-9]*\.?[0-9]+(?:[eE][-+]?[0-9]+)?( *- *[-+]?[0-9]*\.?[0-9]+(?:[eE][-+]?[0-9]+)?)? *([^\s-]{1,2}|[^\s-]+.+[^\s-]+)$	^{scientific_float}( *- *{scientific_float})? *{text}$
glucosidase_act	string	^[-+]?[0-9]*\.?[0-9]+(?:[eE][-+]?[0-9]+)?( *- *[-+]?[0-9]*\.?[0-9]+(?:[eE][-+]?[0-9]+)?)? *([^\s-]{1,2}|[^\s-]+.+[^\s-]+)$	^{scientific_float}( *- *{scientific_float})? *{text}$
mean_frict_vel	string	^[-+]?[0-9]*\.?[0-9]+(?:[eE][-+]?[0-9]+)?( *- *[-+]?[0-9]*\.?[0-9]+(?:[eE][-+]?[0-9]+)?)? *([^\s-]{1,2}|[^\s-]+.+[^\s-]+)$	^{scientific_float}( *- *{scientific_float})? *{text}$
mean_peak_frict_vel	string	^[-+]?[0-9]*\.?[0-9]+(?:[eE][-+]?[0-9]+)?( *- *[-+]?[0-9]*\.?[0-9]+(?:[eE][-+]?[0-9]+)?)? *([^\s-]{1,2}|[^\s-]+.+[^\s-]+)$	^{scientific_float}( *- *{scientific_float})? *{text}$
n_alkanes	string		
nitro	string	^[-+]?[0-9]*\.?[0-9]+(?:[eE][-+]?[0-9]+)?( *- *[-+]?[0-9]*\.?[0-9]+(?:[eE][-+]?[0-9]+)?)? *([^\s-]{1,2}|[^\s-]+.+[^\s-]+)$	^{scientific_float}( *- *{scientific_float})? *{text}$
org_carb	string	^[-+]?[0-9]*\.?[0-9]+(?:[eE][-+]?[0-9]+)?( *- *[-+]?[0-9]*\.?[0-9]+(?:[eE][-+]?[0-9]+)?)? *([^\s-]{1,2}|[^\s-]+.+[^\s-]+)$	^{scientific_float}( *- *{scientific_float})? *{text}$
org_matter	string	^[-+]?[0-9]*\.?[0-9]+(?:[eE][-+]?[0-9]+)?( *- *[-+]?[0-9]*\.?[0-9]+(?:[eE][-+]?[0-9]+)?)? *([^\s-]{1,2}|[^\s-]+.+[^\s-]+)$	^{scientific_float}( *- *{scientific_float})? *{text}$
org_nitro	string	^[-+]?[0-9]*\.?[0-9]+(?:[eE][-+]?[0-9]+)?( *- *[-+]?[0-9]*\.?[0-9]+(?:[eE][-+]?[0-9]+)?)? *([^\s-]{1,2}|[^\s-]+.+[^\s-]+)$	^{scientific_float}( *- *{scientific_float})? *{text}$
part_org_carb	string	^[-+]?[0-9]*\.?[0-9]+(?:[eE][-+]?[0-9]+)?( *- *[-+]?[0-9]*\.?[0-9]+(?:[eE][-+]?[0-9]+)?)? *([^\s-]{1,2}|[^\s-]+.+[^\s-]+)$	^{scientific_float}( *- *{scientific_float})? *{text}$
petroleum_hydrocarb	string	^[-+]?[0-9]*\.?[0-9]+(?:[eE][-+]?[0-9]+)?( *- *[-+]?[0-9]*\.?[0-9]+(?:[eE][-+]?[0-9]+)?)? *([^\s-]{1,2}|[^\s-]+.+[^\s-]+)$	^{scientific_float}( *- *{scientific_float})? *{text}$
phaeopigments	string		
phosphate	string	^[-+]?[0-9]*\.?[0-9]+(?:[eE][-+]?[0-9]+)?( *- *[-+]?[0-9]*\.?[0-9]+(?:[eE][-+]?[0-9]+)?)? *([^\s-]{1,2}|[^\s-]+.+[^\s-]+)$	^{scientific_float}( *- *{scientific_float})? *{text}$
phosplipid_fatt_acid	string		
redox_potential	string	^[-+]?[0-9]*\.?[0-9]+(?:[eE][-+]?[0-9]+)?( *- *[-+]?[0-9]*\.?[0-9]+(?:[eE][-+]?[0-9]+)?)? *([^\s-]{1,2}|[^\s-]+.+[^\s-]+)$	^{scientific_float}( *- *{scientific_float})? *{text}$
silicate	string	^[-+]?[0-9]*\.?[0-9]+(?:[eE][-+]?[0-9]+)?( *- *[-+]?[0-9]*\.?[0-9]+(?:[eE][-+]?[0-9]+)?)? *([^\s-]{1,2}|[^\s-]+.+[^\s-]+)$	^{scientific_float}( *- *{scientific_float})? *{text}$
water_content	string	^[-+]?[0-9]*\.?[0-9]+(?:[eE][-+]?[0-9]+)?( *- *[-+]?[0-9]*\.?[0-9]+(?:[eE][-+]?[0-9]+)?)? *([^\s-]{1,2}|[^\s-]+.+[^\s-]+)$	^{scientific_float}( *- *{scientific_float})? *{text}$
compl_score	string		
compl_software	string		
encoded_traits	string		
env_broad_scale	string	^([^\s-]{1,2}|[^\s-]+.+[^\s-]+) \[[a-zA-Z]{2,}:[a-zA-Z0-9]\d+\]$	^{termLabel} \[{termID}\]$
env_local_scale	string		^{termLabel} \[{termID}\]$
env_medium	string	^([^\s-]{1,2}|[^\s-]+.+[^\s-]+) \[[a-zA-Z]{2,}:[a-zA-Z0-9]\d+\]$	^{termLabel} \[{termID}\]$
estimated_size	string		
extrachrom_elements	integer		
feat_pred	string	^([^\s-]{1,2}|[^\s-]+.+[^\s-]+);([^\s-]{1,2}|[^\s-]+.+[^\s-]+);([^\s-]{1,2}|[^\s-]+.+[^\s-]+)$	^{software};{version};{parameters}$
neg_cont_type	NegContTypeEnum		
num_replicons	integer		
number_contig	integer		
pos_cont_type	string		
ref_biomaterial	string	^^PMID:\d+$|^doi:10.\d{2,9}/.*$|^https?:\/\/(?:www\.)?[-a-zA-Z0-9@:%._\+~#=]{1,256}\.[a-zA-Z0-9()]{1,6}\b(?:[-a-zA-Z0-9()@:%_\+.~#?&\/=]*)$$	^{PMID}|{DOI}|{URL}$
ref_db	string		
rel_to_oxygen	RelToOxygenEnum		
samp_taxon_id	string	^([^\s-]{1,2}|[^\s-]+.+[^\s-]+) \[NCBITaxon:\d+\]$	^{text} \[{NCBItaxon_id}\]$
sim_search_meth	string	^([^\s-]{1,2}|[^\s-]+.+[^\s-]+);([^\s-]{1,2}|[^\s-]+.+[^\s-]+);([^\s-]{1,2}|[^\s-]+.+[^\s-]+)$	^{software};{version};{parameters}$
tax_class	string		
tax_ident	TaxIdentEnum		
water_current	string	^[-+]?[0-9]*\.?[0-9]+(?:[eE][-+]?[0-9]+)?( *- *[-+]?[0-9]*\.?[0-9]+(?:[eE][-+]?[0-9]+)?)? *([^\s-]{1,2}|[^\s-]+.+[^\s-]+)$	^{scientific_float}( *- *{scientific_float})? *{text}$
air_temp_regm	string		
antibiotic_regm	string		
chem_mutagen	string		
cult_root_med	string		^{text}|{PMID}|{DOI}|{URL}$
fertilizer_regm	string		
gravity	string		
growth_facil	string		
growth_hormone_regm	string		
host_wet_mass	string	^[-+]?[0-9]*\.?[0-9]+(?:[eE][-+]?[0-9]+)?( *- *[-+]?[0-9]*\.?[0-9]+(?:[eE][-+]?[0-9]+)?)? *([^\s-]{1,2}|[^\s-]+.+[^\s-]+)$	^{scientific_float}( *- *{scientific_float})? *{text}$
humidity_regm	string		
light_regm	string		
mineral_nutr_regm	string		
plant_sex	PlantSexEnum		
radiation_regm	string		
rainfall_regm	string		
root_med_regl	string		
root_med_solid	string		
root_med_suppl	string		
tiss_cult_growth_med	string	^^PMID:\d+$|^doi:10.\d{2,9}/.*$|^https?:\/\/(?:www\.)?[-a-zA-Z0-9@:%._\+~#=]{1,256}\.[a-zA-Z0-9()]{1,6}\b(?:[-a-zA-Z0-9()@:%_\+.~#?&\/=]*)$|([^\s-]{1,2}|[^\s-]+.+[^\s-]+)$	^{PMID}|{DOI}|{URL}|{text}$
particle_class	string		
sediment_type	SedimentTypeEnum		
tidal_stage	TidalStageEnum		
tot_depth_water_col	string	^[-+]?[0-9]*\.?[0-9]+(?:[eE][-+]?[0-9]+)?( *- *[-+]?[0-9]*\.?[0-9]+(?:[eE][-+]?[0-9]+)?)? *([^\s-]{1,2}|[^\s-]+.+[^\s-]+)$	^{scientific_float}( *- *{scientific_float})? *{text}$
al_sat	string	^[-+]?[0-9]*\.?[0-9]+(?:[eE][-+]?[0-9]+)?( *- *[-+]?[0-9]*\.?[0-9]+(?:[eE][-+]?[0-9]+)?)? *([^\s-]{1,2}|[^\s-]+.+[^\s-]+)$	^{scientific_float}( *- *{scientific_float})? *{text}$
al_sat_meth	string	^^PMID:\d+$|^doi:10.\d{2,9}/.*$|^https?:\/\/(?:www\.)?[-a-zA-Z0-9@:%._\+~#=]{1,256}\.[a-zA-Z0-9()]{1,6}\b(?:[-a-zA-Z0-9()@:%_\+.~#?&\/=]*)$$	^{PMID}|{DOI}|{URL}$
heavy_metals	string		
link_addit_analys	string	^^PMID:\d+$|^doi:10.\d{2,9}/.*$|^https?:\/\/(?:www\.)?[-a-zA-Z0-9@:%._\+~#=]{1,256}\.[a-zA-Z0-9()]{1,6}\b(?:[-a-zA-Z0-9()@:%_\+.~#?&\/=]*)$$	^{PMID}|{DOI}|{URL}$
water_cont_soil_meth	string	^^PMID:\d+$|^doi:10.\d{2,9}/.*$|^https?:\/\/(?:www\.)?[-a-zA-Z0-9@:%._\+~#=]{1,256}\.[a-zA-Z0-9()]{1,6}\b(?:[-a-zA-Z0-9()@:%_\+.~#?&\/=]*)$$	^{PMID}|{DOI}|{URL}$
association_duration	string	^[-+]?[0-9]*\.?[0-9]+(?:[eE][-+]?[0-9]+)?( *- *[-+]?[0-9]*\.?[0-9]+(?:[eE][-+]?[0-9]+)?)? *([^\s-]{1,2}|[^\s-]+.+[^\s-]+)$	^{scientific_float}( *- *{scientific_float})? *{text}$
host_cellular_loc	HostCellularLocEnum		
host_dependence	HostDependenceEnum		
host_infra_spec_name	string		
host_infra_spec_rank	string		
host_number	string		
host_of_host_coinf	string		
host_of_host_disease	string		
host_of_host_env_loc	string		
host_of_host_env_med	string		
host_of_host_fam_rel	string		
host_of_host_geno	string		
host_of_host_gravid	string		
host_of_host_infname	string		
host_of_host_infrank	string		
host_of_host_name	string		
host_of_host_pheno	string		
host_of_host_sub_id	string		
host_of_host_taxid	string		
host_of_host_totmass	string	^[-+]?[0-9]*\.?[0-9]+(?:[eE][-+]?[0-9]+)?( *- *[-+]?[0-9]*\.?[0-9]+(?:[eE][-+]?[0-9]+)?)? *([^\s-]{1,2}|[^\s-]+.+[^\s-]+)$	^{scientific_float}( *- *{scientific_float})? *{text}$
host_specificity	HostSpecificityEnum		
mode_transmission	ModeTransmissionEnum		
route_transmission	RouteTransmissionEnum		
samp_store_sol	string		
sym_life_cycle_type	SymLifeCycleTypeEnum		
symbiont_host_role	SymbiontHostRoleEnum		
type_of_symbiosis	TypeOfSymbiosisEnum		
urobiom_sex	UrobiomSexEnum		
biochem_oxygen_dem	string	^[-+]?[0-9]*\.?[0-9]+(?:[eE][-+]?[0-9]+)?( *- *[-+]?[0-9]*\.?[0-9]+(?:[eE][-+]?[0-9]+)?)? *([^\s-]{1,2}|[^\s-]+.+[^\s-]+)$	^{scientific_float}( *- *{scientific_float})? *{text}$
chem_oxygen_dem	string	^[-+]?[0-9]*\.?[0-9]+(?:[eE][-+]?[0-9]+)?( *- *[-+]?[0-9]*\.?[0-9]+(?:[eE][-+]?[0-9]+)?)? *([^\s-]{1,2}|[^\s-]+.+[^\s-]+)$	^{scientific_float}( *- *{scientific_float})? *{text}$
efficiency_percent	string	^[-+]?[0-9]*\.?[0-9]+(?:[eE][-+]?[0-9]+)?( *- *[-+]?[0-9]*\.?[0-9]+(?:[eE][-+]?[0-9]+)?)? *([^\s-]{1,2}|[^\s-]+.+[^\s-]+)$	^{scientific_float}( *- *{scientific_float})? *{text}$
emulsions	string		
gaseous_substances	string		
indust_eff_percent	string	^[-+]?[0-9]*\.?[0-9]+(?:[eE][-+]?[0-9]+)?( *- *[-+]?[0-9]*\.?[0-9]+(?:[eE][-+]?[0-9]+)?)? *([^\s-]{1,2}|[^\s-]+.+[^\s-]+)$	^{scientific_float}( *- *{scientific_float})? *{text}$
inorg_particles	string		
org_particles	string		
pre_treatment	string		
primary_treatment	string		
reactor_type	string		
secondary_treatment	string		
sewage_type	string		
sludge_retent_time	string	^[-+]?[0-9]*\.?[0-9]+(?:[eE][-+]?[0-9]+)?( *- *[-+]?[0-9]*\.?[0-9]+(?:[eE][-+]?[0-9]+)?)? *([^\s-]{1,2}|[^\s-]+.+[^\s-]+)$	^{scientific_float}( *- *{scientific_float})? *{text}$
soluble_inorg_mat	string		
soluble_org_mat	string		
tertiary_treatment	string		
wastewater_type	string		
atmospheric_data	string		
bac_prod	string	^[-+]?[0-9]*\.?[0-9]+(?:[eE][-+]?[0-9]+)?( *- *[-+]?[0-9]*\.?[0-9]+(?:[eE][-+]?[0-9]+)?)? *([^\s-]{1,2}|[^\s-]+.+[^\s-]+)$	^{scientific_float}( *- *{scientific_float})? *{text}$
bac_resp	string	^[-+]?[0-9]*\.?[0-9]+(?:[eE][-+]?[0-9]+)?( *- *[-+]?[0-9]*\.?[0-9]+(?:[eE][-+]?[0-9]+)?)? *([^\s-]{1,2}|[^\s-]+.+[^\s-]+)$	^{scientific_float}( *- *{scientific_float})? *{text}$
diss_inorg_nitro	string	^[-+]?[0-9]*\.?[0-9]+(?:[eE][-+]?[0-9]+)?( *- *[-+]?[0-9]*\.?[0-9]+(?:[eE][-+]?[0-9]+)?)? *([^\s-]{1,2}|[^\s-]+.+[^\s-]+)$	^{scientific_float}( *- *{scientific_float})? *{text}$
down_par	string	^[-+]?[0-9]*\.?[0-9]+(?:[eE][-+]?[0-9]+)?( *- *[-+]?[0-9]*\.?[0-9]+(?:[eE][-+]?[0-9]+)?)? *([^\s-]{1,2}|[^\s-]+.+[^\s-]+)$	^{scientific_float}( *- *{scientific_float})? *{text}$
fluor	string	^[-+]?[0-9]*\.?[0-9]+(?:[eE][-+]?[0-9]+)?( *- *[-+]?[0-9]*\.?[0-9]+(?:[eE][-+]?[0-9]+)?)? *([^\s-]{1,2}|[^\s-]+.+[^\s-]+)$	^{scientific_float}( *- *{scientific_float})? *{text}$
light_intensity	string	^[-+]?[0-9]*\.?[0-9]+(?:[eE][-+]?[0-9]+)?( *- *[-+]?[0-9]*\.?[0-9]+(?:[eE][-+]?[0-9]+)?)? *([^\s-]{1,2}|[^\s-]+.+[^\s-]+)$	^{scientific_float}( *- *{scientific_float})? *{text}$
part_org_nitro	string	^[-+]?[0-9]*\.?[0-9]+(?:[eE][-+]?[0-9]+)?( *- *[-+]?[0-9]*\.?[0-9]+(?:[eE][-+]?[0-9]+)?)? *([^\s-]{1,2}|[^\s-]+.+[^\s-]+)$	^{scientific_float}( *- *{scientific_float})? *{text}$
photon_flux	string	^[-+]?[0-9]*\.?[0-9]+(?:[eE][-+]?[0-9]+)?( *- *[-+]?[0-9]*\.?[0-9]+(?:[eE][-+]?[0-9]+)?)? *([^\s-]{1,2}|[^\s-]+.+[^\s-]+)$	^{scientific_float}( *- *{scientific_float})? *{text}$
primary_prod	string	^[-+]?[0-9]*\.?[0-9]+(?:[eE][-+]?[0-9]+)?( *- *[-+]?[0-9]*\.?[0-9]+(?:[eE][-+]?[0-9]+)?)? *([^\s-]{1,2}|[^\s-]+.+[^\s-]+)$	^{scientific_float}( *- *{scientific_float})? *{text}$
soluble_react_phosp	string	^[-+]?[0-9]*\.?[0-9]+(?:[eE][-+]?[0-9]+)?( *- *[-+]?[0-9]*\.?[0-9]+(?:[eE][-+]?[0-9]+)?)? *([^\s-]{1,2}|[^\s-]+.+[^\s-]+)$	^{scientific_float}( *- *{scientific_float})? *{text}$
suspend_part_matter	string	^[-+]?[0-9]*\.?[0-9]+(?:[eE][-+]?[0-9]+)?( *- *[-+]?[0-9]*\.?[0-9]+(?:[eE][-+]?[0-9]+)?)? *([^\s-]{1,2}|[^\s-]+.+[^\s-]+)$	^{scientific_float}( *- *{scientific_float})? *{text}$
tot_diss_nitro	string	^[-+]?[0-9]*\.?[0-9]+(?:[eE][-+]?[0-9]+)?( *- *[-+]?[0-9]*\.?[0-9]+(?:[eE][-+]?[0-9]+)?)? *([^\s-]{1,2}|[^\s-]+.+[^\s-]+)$	^{scientific_float}( *- *{scientific_float})? *{text}$
tot_inorg_nitro	string	^[-+]?[0-9]*\.?[0-9]+(?:[eE][-+]?[0-9]+)?( *- *[-+]?[0-9]*\.?[0-9]+(?:[eE][-+]?[0-9]+)?)? *([^\s-]{1,2}|[^\s-]+.+[^\s-]+)$	^{scientific_float}( *- *{scientific_float})? *{text}$
tot_part_carb	string	^[-+]?[0-9]*\.?[0-9]+(?:[eE][-+]?[0-9]+)?( *- *[-+]?[0-9]*\.?[0-9]+(?:[eE][-+]?[0-9]+)?)? *([^\s-]{1,2}|[^\s-]+.+[^\s-]+)$	^{scientific_float}( *- *{scientific_float})? *{text}$
ploidy	string	^([^\s-]{1,2}|[^\s-]+.+[^\s-]+) \[[a-zA-Z]{2,}:[a-zA-Z0-9]\d+\]$	^{termLabel} \[{termID}\]$
propagation	string		
virus_enrich_appr	VirusEnrichApprEnum		
bin_param	BinParamEnum		
bin_software	string		
compl_appr	ComplApprEnum		
contam_score	float		
contam_screen_input	ContamScreenInputEnum		
contam_screen_param	string		
decontam_software	string		
mag_cov_software	MagCovSoftwareEnum		
reassembly_bin	boolean		
size_frac	string		
trna_ext_software	string	^([^\s-]{1,2}|[^\s-]+.+[^\s-]+);([^\s-]{1,2}|[^\s-]+.+[^\s-]+);([^\s-]{1,2}|[^\s-]+.+[^\s-]+)$	^{software};{version};{parameters}$
trnas	string		
x16s_recover	boolean		
x16s_recover_software	string	^([^\s-]{1,2}|[^\s-]+.+[^\s-]+);([^\s-]{1,2}|[^\s-]+.+[^\s-]+);([^\s-]{1,2}|[^\s-]+.+[^\s-]+)$	^{software};{version};{parameters}$
sc_lysis_approach	ScLysisApproachEnum		
sc_lysis_method	string		
sort_tech	SortTechEnum		
wga_amp_appr	WgaAmpApprEnum		
wga_amp_kit	string		
detec_type	string		
host_pred_appr	HostPredApprEnum		
host_pred_est_acc	string		
otu_class_appr	string		^{integer}%\s*ANI;\s*{integer}%\s*AF;\s*{text}$
otu_db	string		
otu_seq_comp_appr	string		
pred_genome_struc	PredGenomeStrucEnum		
pred_genome_type	ViralGenomeTypeEnum		
source_uvig	string		
vir_ident_software	string		
agriculture_data	Agriculture		
air_data	Air		
built_environment_data	BuiltEnvironment		
food_animal_and_animal_feed_data	FoodAnimalAndAnimalFeed		
food_farm_environment_data	FoodFarmEnvironment		
food_food_production_facility_data	FoodFoodProductionFacility		
food_human_foods_data	FoodHumanFoods		
host_associated_data	HostAssociated		
human_associated_data	HumanAssociated		
human_gut_data	HumanGut		
human_oral_data	HumanOral		
human_skin_data	HumanSkin		
human_vaginal_data	HumanVaginal		
hydrocarbon_resources_cores_data	HydrocarbonResourcesCores		
hydrocarbon_resources_fluids_swabs_data	HydrocarbonResourcesFluidsSwabs		
microbial_mat_biofilm_data	MicrobialMatBiofilm		
migs_ba_agriculture_data	MigsBaAgriculture		
migs_ba_air_data	MigsBaAir		
migs_ba_built_environment_data	MigsBaBuiltEnvironment		
migs_ba_data	MigsBa		
migs_ba_food_animal_and_animal_feed_data	MigsBaFoodAnimalAndAnimalFeed		
migs_ba_food_farm_environment_data	MigsBaFoodFarmEnvironment		
migs_ba_food_food_production_facility_data	MigsBaFoodFoodProductionFacility		
migs_ba_food_human_foods_data	MigsBaFoodHumanFoods		
migs_ba_host_associated_data	MigsBaHostAssociated		
migs_ba_human_associated_data	MigsBaHumanAssociated		
migs_ba_human_gut_data	MigsBaHumanGut		
migs_ba_human_oral_data	MigsBaHumanOral		
migs_ba_human_skin_data	MigsBaHumanSkin		
migs_ba_human_vaginal_data	MigsBaHumanVaginal		
migs_ba_hydrocarbon_resources_cores_data	MigsBaHydrocarbonResourcesCores		
migs_ba_hydrocarbon_resources_fluids_swabs_data	MigsBaHydrocarbonResourcesFluidsSwabs		
migs_ba_microbial_mat_biofilm_data	MigsBaMicrobialMatBiofilm		
migs_ba_miscellaneous_natural_or_artificial_environment_data	MigsBaMiscellaneousNaturalOrArtificialEnvironment		
migs_ba_plant_associated_data	MigsBaPlantAssociated		
migs_ba_sediment_data	MigsBaSediment		
migs_ba_soil_data	MigsBaSoil		
migs_ba_symbiont_associated_data	MigsBaSymbiontAssociated		
migs_ba_wastewater_sludge_data	MigsBaWastewaterSludge		
migs_ba_water_data	MigsBaWater		
migs_eu_agriculture_data	MigsEuAgriculture		
migs_eu_air_data	MigsEuAir		
migs_eu_built_environment_data	MigsEuBuiltEnvironment		
migs_eu_data	MigsEu		
migs_eu_food_animal_and_animal_feed_data	MigsEuFoodAnimalAndAnimalFeed		
migs_eu_food_farm_environment_data	MigsEuFoodFarmEnvironment		
migs_eu_food_food_production_facility_data	MigsEuFoodFoodProductionFacility		
migs_eu_food_human_foods_data	MigsEuFoodHumanFoods		
migs_eu_host_associated_data	MigsEuHostAssociated		
migs_eu_human_associated_data	MigsEuHumanAssociated		
migs_eu_human_gut_data	MigsEuHumanGut		
migs_eu_human_oral_data	MigsEuHumanOral		
migs_eu_human_skin_data	MigsEuHumanSkin		
migs_eu_human_vaginal_data	MigsEuHumanVaginal		
migs_eu_hydrocarbon_resources_cores_data	MigsEuHydrocarbonResourcesCores		
migs_eu_hydrocarbon_resources_fluids_swabs_data	MigsEuHydrocarbonResourcesFluidsSwabs		
migs_eu_microbial_mat_biofilm_data	MigsEuMicrobialMatBiofilm		
migs_eu_miscellaneous_natural_or_artificial_environment_data	MigsEuMiscellaneousNaturalOrArtificialEnvironment		
migs_eu_plant_associated_data	MigsEuPlantAssociated		
migs_eu_sediment_data	MigsEuSediment		
migs_eu_soil_data	MigsEuSoil		
migs_eu_symbiont_associated_data	MigsEuSymbiontAssociated		
migs_eu_wastewater_sludge_data	MigsEuWastewaterSludge		
migs_eu_water_data	MigsEuWater		
migs_org_agriculture_data	MigsOrgAgriculture		
migs_org_air_data	MigsOrgAir		
migs_org_built_environment_data	MigsOrgBuiltEnvironment		
migs_org_data	MigsOrg		
migs_org_food_animal_and_animal_feed_data	MigsOrgFoodAnimalAndAnimalFeed		
migs_org_food_farm_environment_data	MigsOrgFoodFarmEnvironment		
migs_org_food_food_production_facility_data	MigsOrgFoodFoodProductionFacility		
migs_org_food_human_foods_data	MigsOrgFoodHumanFoods		
migs_org_host_associated_data	MigsOrgHostAssociated		
migs_org_human_associated_data	MigsOrgHumanAssociated		
migs_org_human_gut_data	MigsOrgHumanGut		
migs_org_human_oral_data	MigsOrgHumanOral		
migs_org_human_skin_data	MigsOrgHumanSkin		
migs_org_human_vaginal_data	MigsOrgHumanVaginal		
migs_org_hydrocarbon_resources_cores_data	MigsOrgHydrocarbonResourcesCores		
migs_org_hydrocarbon_resources_fluids_swabs_data	MigsOrgHydrocarbonResourcesFluidsSwabs		
migs_org_microbial_mat_biofilm_data	MigsOrgMicrobialMatBiofilm		
migs_org_miscellaneous_natural_or_artificial_environment_data	MigsOrgMiscellaneousNaturalOrArtificialEnvironment		
migs_org_plant_associated_data	MigsOrgPlantAssociated		
migs_org_sediment_data	MigsOrgSediment		
migs_org_soil_data	MigsOrgSoil		
migs_org_symbiont_associated_data	MigsOrgSymbiontAssociated		
migs_org_wastewater_sludge_data	MigsOrgWastewaterSludge		
migs_org_water_data	MigsOrgWater		
migs_pl_agriculture_data	MigsPlAgriculture		
migs_pl_air_data	MigsPlAir		
migs_pl_built_environment_data	MigsPlBuiltEnvironment		
migs_pl_data	MigsPl		
migs_pl_food_animal_and_animal_feed_data	MigsPlFoodAnimalAndAnimalFeed		
migs_pl_food_farm_environment_data	MigsPlFoodFarmEnvironment		
migs_pl_food_food_production_facility_data	MigsPlFoodFoodProductionFacility		
migs_pl_food_human_foods_data	MigsPlFoodHumanFoods		
migs_pl_host_associated_data	MigsPlHostAssociated		
migs_pl_human_associated_data	MigsPlHumanAssociated		
migs_pl_human_gut_data	MigsPlHumanGut		
migs_pl_human_oral_data	MigsPlHumanOral		
migs_pl_human_skin_data	MigsPlHumanSkin		
migs_pl_human_vaginal_data	MigsPlHumanVaginal		
migs_pl_hydrocarbon_resources_cores_data	MigsPlHydrocarbonResourcesCores		
migs_pl_hydrocarbon_resources_fluids_swabs_data	MigsPlHydrocarbonResourcesFluidsSwabs		
migs_pl_microbial_mat_biofilm_data	MigsPlMicrobialMatBiofilm		
migs_pl_miscellaneous_natural_or_artificial_environment_data	MigsPlMiscellaneousNaturalOrArtificialEnvironment		
migs_pl_plant_associated_data	MigsPlPlantAssociated		
migs_pl_sediment_data	MigsPlSediment		
migs_pl_soil_data	MigsPlSoil		
migs_pl_symbiont_associated_data	MigsPlSymbiontAssociated		
migs_pl_wastewater_sludge_data	MigsPlWastewaterSludge		
migs_pl_water_data	MigsPlWater		
migs_vi_agriculture_data	MigsViAgriculture		
migs_vi_air_data	MigsViAir		
migs_vi_built_environment_data	MigsViBuiltEnvironment		
migs_vi_data	MigsVi		
migs_vi_food_animal_and_animal_feed_data	MigsViFoodAnimalAndAnimalFeed		
migs_vi_food_farm_environment_data	MigsViFoodFarmEnvironment		
migs_vi_food_food_production_facility_data	MigsViFoodFoodProductionFacility		
migs_vi_food_human_foods_data	MigsViFoodHumanFoods		
migs_vi_host_associated_data	MigsViHostAssociated		
migs_vi_human_associated_data	MigsViHumanAssociated		
migs_vi_human_gut_data	MigsViHumanGut		
migs_vi_human_oral_data	MigsViHumanOral		
migs_vi_human_skin_data	MigsViHumanSkin		
migs_vi_human_vaginal_data	MigsViHumanVaginal		
migs_vi_hydrocarbon_resources_cores_data	MigsViHydrocarbonResourcesCores		
migs_vi_hydrocarbon_resources_fluids_swabs_data	MigsViHydrocarbonResourcesFluidsSwabs		
migs_vi_microbial_mat_biofilm_data	MigsViMicrobialMatBiofilm		
migs_vi_miscellaneous_natural_or_artificial_environment_data	MigsViMiscellaneousNaturalOrArtificialEnvironment		
migs_vi_plant_associated_data	MigsViPlantAssociated		
migs_vi_sediment_data	MigsViSediment		
migs_vi_soil_data	MigsViSoil		
migs_vi_symbiont_associated_data	MigsViSymbiontAssociated		
migs_vi_wastewater_sludge_data	MigsViWastewaterSludge		
migs_vi_water_data	MigsViWater		
mimag_agriculture_data	MimagAgriculture		
mimag_air_data	MimagAir		
mimag_built_environment_data	MimagBuiltEnvironment		
mimag_data	Mimag		
mimag_food_animal_and_animal_feed_data	MimagFoodAnimalAndAnimalFeed		
mimag_food_farm_environment_data	MimagFoodFarmEnvironment		
mimag_food_food_production_facility_data	MimagFoodFoodProductionFacility		
mimag_food_human_foods_data	MimagFoodHumanFoods		
mimag_host_associated_data	MimagHostAssociated		
mimag_human_associated_data	MimagHumanAssociated		
mimag_human_gut_data	MimagHumanGut		
mimag_human_oral_data	MimagHumanOral		
mimag_human_skin_data	MimagHumanSkin		
mimag_human_vaginal_data	MimagHumanVaginal		
mimag_hydrocarbon_resources_cores_data	MimagHydrocarbonResourcesCores		
mimag_hydrocarbon_resources_fluids_swabs_data	MimagHydrocarbonResourcesFluidsSwabs		
mimag_microbial_mat_biofilm_data	MimagMicrobialMatBiofilm		
mimag_miscellaneous_natural_or_artificial_environment_data	MimagMiscellaneousNaturalOrArtificialEnvironment		
mimag_plant_associated_data	MimagPlantAssociated		
mimag_sediment_data	MimagSediment		
mimag_soil_data	MimagSoil		
mimag_symbiont_associated_data	MimagSymbiontAssociated		
mimag_wastewater_sludge_data	MimagWastewaterSludge		
mimag_water_data	MimagWater		
mimarks_c_agriculture_data	MimarksCAgriculture		
mimarks_c_air_data	MimarksCAir		
mimarks_c_built_environment_data	MimarksCBuiltEnvironment		
mimarks_c_data	MimarksC		
mimarks_c_food_animal_and_animal_feed_data	MimarksCFoodAnimalAndAnimalFeed		
mimarks_c_food_farm_environment_data	MimarksCFoodFarmEnvironment		
mimarks_c_food_food_production_facility_data	MimarksCFoodFoodProductionFacility		
mimarks_c_food_human_foods_data	MimarksCFoodHumanFoods		
mimarks_c_host_associated_data	MimarksCHostAssociated		
mimarks_c_human_associated_data	MimarksCHumanAssociated		
mimarks_c_human_gut_data	MimarksCHumanGut		
mimarks_c_human_oral_data	MimarksCHumanOral		
mimarks_c_human_skin_data	MimarksCHumanSkin		
mimarks_c_human_vaginal_data	MimarksCHumanVaginal		
mimarks_c_hydrocarbon_resources_cores_data	MimarksCHydrocarbonResourcesCores		
mimarks_c_hydrocarbon_resources_fluids_swabs_data	MimarksCHydrocarbonResourcesFluidsSwabs		
mimarks_c_microbial_mat_biofilm_data	MimarksCMicrobialMatBiofilm		
mimarks_c_miscellaneous_natural_or_artificial_environment_data	MimarksCMiscellaneousNaturalOrArtificialEnvironment		
mimarks_c_plant_associated_data	MimarksCPlantAssociated		
mimarks_c_sediment_data	MimarksCSediment		
mimarks_c_soil_data	MimarksCSoil		
mimarks_c_symbiont_associated_data	MimarksCSymbiontAssociated		
mimarks_c_wastewater_sludge_data	MimarksCWastewaterSludge		
mimarks_c_water_data	MimarksCWater		
mimarks_s_agriculture_data	MimarksSAgriculture		
mimarks_s_air_data	MimarksSAir		
mimarks_s_built_environment_data	MimarksSBuiltEnvironment		
mimarks_s_data	MimarksS		
mimarks_s_food_animal_and_animal_feed_data	MimarksSFoodAnimalAndAnimalFeed		
mimarks_s_food_farm_environment_data	MimarksSFoodFarmEnvironment		
mimarks_s_food_food_production_facility_data	MimarksSFoodFoodProductionFacility		
mimarks_s_food_human_foods_data	MimarksSFoodHumanFoods		
mimarks_s_host_associated_data	MimarksSHostAssociated		
mimarks_s_human_associated_data	MimarksSHumanAssociated		
mimarks_s_human_gut_data	MimarksSHumanGut		
mimarks_s_human_oral_data	MimarksSHumanOral		
mimarks_s_human_skin_data	MimarksSHumanSkin		
mimarks_s_human_vaginal_data	MimarksSHumanVaginal		
mimarks_s_hydrocarbon_resources_cores_data	MimarksSHydrocarbonResourcesCores		
mimarks_s_hydrocarbon_resources_fluids_swabs_data	MimarksSHydrocarbonResourcesFluidsSwabs		
mimarks_s_microbial_mat_biofilm_data	MimarksSMicrobialMatBiofilm		
mimarks_s_miscellaneous_natural_or_artificial_environment_data	MimarksSMiscellaneousNaturalOrArtificialEnvironment		
mimarks_s_plant_associated_data	MimarksSPlantAssociated		
mimarks_s_sediment_data	MimarksSSediment		
mimarks_s_soil_data	MimarksSSoil		
mimarks_s_symbiont_associated_data	MimarksSSymbiontAssociated		
mimarks_s_wastewater_sludge_data	MimarksSWastewaterSludge		
mimarks_s_water_data	MimarksSWater		
mims_agriculture_data	MimsAgriculture		
mims_air_data	MimsAir		
mims_built_environment_data	MimsBuiltEnvironment		
mims_data	Mims		
mims_food_animal_and_animal_feed_data	MimsFoodAnimalAndAnimalFeed		
mims_food_farm_environment_data	MimsFoodFarmEnvironment		
mims_food_food_production_facility_data	MimsFoodFoodProductionFacility		
mims_food_human_foods_data	MimsFoodHumanFoods		
mims_host_associated_data	MimsHostAssociated		
mims_human_associated_data	MimsHumanAssociated		
mims_human_gut_data	MimsHumanGut		
mims_human_oral_data	MimsHumanOral		
mims_human_skin_data	MimsHumanSkin		
mims_human_vaginal_data	MimsHumanVaginal		
mims_hydrocarbon_resources_cores_data	MimsHydrocarbonResourcesCores		
mims_hydrocarbon_resources_fluids_swabs_data	MimsHydrocarbonResourcesFluidsSwabs		
mims_microbial_mat_biofilm_data	MimsMicrobialMatBiofilm		
mims_miscellaneous_natural_or_artificial_environment_data	MimsMiscellaneousNaturalOrArtificialEnvironment		
mims_plant_associated_data	MimsPlantAssociated		
mims_sediment_data	MimsSediment		
mims_soil_data	MimsSoil		
mims_symbiont_associated_data	MimsSymbiontAssociated		
mims_wastewater_sludge_data	MimsWastewaterSludge		
mims_water_data	MimsWater		
misag_agriculture_data	MisagAgriculture		
misag_air_data	MisagAir		
misag_built_environment_data	MisagBuiltEnvironment		
misag_data	Misag		
misag_food_animal_and_animal_feed_data	MisagFoodAnimalAndAnimalFeed		
misag_food_farm_environment_data	MisagFoodFarmEnvironment		
misag_food_food_production_facility_data	MisagFoodFoodProductionFacility		
misag_food_human_foods_data	MisagFoodHumanFoods		
misag_host_associated_data	MisagHostAssociated		
misag_human_associated_data	MisagHumanAssociated		
misag_human_gut_data	MisagHumanGut		
misag_human_oral_data	MisagHumanOral		
misag_human_skin_data	MisagHumanSkin		
misag_human_vaginal_data	MisagHumanVaginal		
misag_hydrocarbon_resources_cores_data	MisagHydrocarbonResourcesCores		
misag_hydrocarbon_resources_fluids_swabs_data	MisagHydrocarbonResourcesFluidsSwabs		
misag_microbial_mat_biofilm_data	MisagMicrobialMatBiofilm		
misag_miscellaneous_natural_or_artificial_environment_data	MisagMiscellaneousNaturalOrArtificialEnvironment		
misag_plant_associated_data	MisagPlantAssociated		
misag_sediment_data	MisagSediment		
misag_soil_data	MisagSoil		
misag_symbiont_associated_data	MisagSymbiontAssociated		
misag_wastewater_sludge_data	MisagWastewaterSludge		
misag_water_data	MisagWater		
miscellaneous_natural_or_artificial_environment_data	MiscellaneousNaturalOrArtificialEnvironment		
miuvig_agriculture_data	MiuvigAgriculture		
miuvig_air_data	MiuvigAir		
miuvig_built_environment_data	MiuvigBuiltEnvironment		
miuvig_data	Miuvig		
miuvig_food_animal_and_animal_feed_data	MiuvigFoodAnimalAndAnimalFeed		
miuvig_food_farm_environment_data	MiuvigFoodFarmEnvironment		
miuvig_food_food_production_facility_data	MiuvigFoodFoodProductionFacility		
miuvig_food_human_foods_data	MiuvigFoodHumanFoods		
miuvig_host_associated_data	MiuvigHostAssociated		
miuvig_human_associated_data	MiuvigHumanAssociated		
miuvig_human_gut_data	MiuvigHumanGut		
miuvig_human_oral_data	MiuvigHumanOral		
miuvig_human_skin_data	MiuvigHumanSkin		
miuvig_human_vaginal_data	MiuvigHumanVaginal		
miuvig_hydrocarbon_resources_cores_data	MiuvigHydrocarbonResourcesCores		
miuvig_hydrocarbon_resources_fluids_swabs_data	MiuvigHydrocarbonResourcesFluidsSwabs		
miuvig_microbial_mat_biofilm_data	MiuvigMicrobialMatBiofilm		
miuvig_miscellaneous_natural_or_artificial_environment_data	MiuvigMiscellaneousNaturalOrArtificialEnvironment		
miuvig_plant_associated_data	MiuvigPlantAssociated		
miuvig_sediment_data	MiuvigSediment		
miuvig_soil_data	MiuvigSoil		
miuvig_symbiont_associated_data	MiuvigSymbiontAssociated		
miuvig_wastewater_sludge_data	MiuvigWastewaterSludge		
miuvig_water_data	MiuvigWater		
plant_associated_data	PlantAssociated		
sediment_data	Sediment		
soil_data	Soil		
symbiont_associated_data	SymbiontAssociated		
wastewater_sludge_data	WastewaterSludge		
water_data	Water		
